class_id,class_name,annotation_unit,boxes,panels,area_p01,area_p05,area_median,area_p95,aspect_median,small_candidate,edge_touch,per_image_median,per_image_max,unit_audit_status,unit_audit_reason
0,철심부,WHOLE_OBJECT,634,P1:634,0.02278,0.03289,0.0795,0.17708,5.152,0,290,1,2,NOT_AUDITABLE,좌표만으로 부품 단위 준수를 판정할 수 없다
1,에폭시 표면,WHOLE_OBJECT,1448,P1:1448,0.01254,0.02657,0.12316,0.27594,0.511,1,624,3,5,NOT_AUDITABLE,좌표만으로 부품 단위 준수를 판정할 수 없다
2,몰드변압기 접촉부,CONTACT_POINT,1365,P1:1365,0.00116,0.00178,0.01214,0.09637,0.314,226,82,3,7,CONSISTENT,장당 중앙 3개. 접속점 단위라면 한 장에 여러 개가 나오는 것이 정상이다. 개별 접속점 대응 여부는 좌표만으로 확정 불가
7,변압기,WHOLE_OBJECT,1,P4:1,0.43294,0.43294,0.43294,0.43294,1.053,0,1,1,1,NOT_AUDITABLE,좌표만으로 부품 단위 준수를 판정할 수 없다
8,변류기,WHOLE_OBJECT,189,P3:49 P4:140,0.04262,0.07144,0.35178,0.57894,0.783,0,90,1,2,NOT_AUDITABLE,좌표만으로 부품 단위 준수를 판정할 수 없다
9,비한류형 전력퓨즈,WHOLE_OBJECT,191,P4:191,0.00432,0.00749,0.04573,0.09809,0.311,1,76,2,3,NOT_AUDITABLE,좌표만으로 부품 단위 준수를 판정할 수 없다
10,소음기부착형 전력퓨즈,WHOLE_OBJECT,127,P1:127,0.01034,0.01582,0.06415,0.10508,0.125,0,31,2,4,NOT_AUDITABLE,좌표만으로 부품 단위 준수를 판정할 수 없다
23,변압기 접촉부,UNKNOWN,3,P4:3,0.00986,0.00986,0.00986,0.00986,0.882,0,0,3,3,NOT_AUDITABLE,annotation_unit 미확정 — 감사 기준이 없다
24,변류기 접촉부,CONTACT_POINT,219,P3:178 P4:41,0.00095,0.00316,0.00533,0.01694,0.409,10,13,3,6,CONSISTENT,장당 중앙 3개. 접속점 단위라면 한 장에 여러 개가 나오는 것이 정상이다. 개별 접속점 대응 여부는 좌표만으로 확정 불가
