panel_id,image,box_index,class_id,class_name,audit_rule,status,reason,detail
P1,A1_B2_P1_2022-05-12_IR1_00038,3+5,10,소음기부착형 전력퓨즈,같은 클래스 중복,SUSPECT,같은 클래스 IoU 0.660 — 같은 인스턴스인지 좌표만으로 확정 불가,나란한 동종 부품이 겹쳐 보이는 경우일 수 있다
P1,A1_B3_P1_2022-05-24_IR1_00002,2,2,몰드변압기 접촉부,초소형(candidate),SUSPECT,정규화 면적 0.00182 < candidate_threshold 0.003,공식 임계값이 아니다. 식별 가능성 기준이므로 좌표만으로 확정 불가
P1,A1_B3_P1_2022-05-24_IR1_00002,3,2,몰드변압기 접촉부,초소형(candidate),SUSPECT,정규화 면적 0.00190 < candidate_threshold 0.003,공식 임계값이 아니다. 식별 가능성 기준이므로 좌표만으로 확정 불가
P1,A1_B3_P1_2022-05-24_IR1_00002,4,2,몰드변압기 접촉부,초소형(candidate),SUSPECT,정규화 면적 0.00247 < candidate_threshold 0.003,공식 임계값이 아니다. 식별 가능성 기준이므로 좌표만으로 확정 불가
P1,A1_B3_P1_2022-05-24_IR1_00002,5,2,몰드변압기 접촉부,초소형(candidate),SUSPECT,정규화 면적 0.00219 < candidate_threshold 0.003,공식 임계값이 아니다. 식별 가능성 기준이므로 좌표만으로 확정 불가
P1,A1_B3_P1_2022-05-24_IR1_00004,1,2,몰드변압기 접촉부,초소형(candidate),SUSPECT,정규화 면적 0.00171 < candidate_threshold 0.003,공식 임계값이 아니다. 식별 가능성 기준이므로 좌표만으로 확정 불가
P1,A1_B3_P1_2022-05-24_IR1_00004,5,2,몰드변압기 접촉부,초소형(candidate),SUSPECT,정규화 면적 0.00205 < candidate_threshold 0.003,공식 임계값이 아니다. 식별 가능성 기준이므로 좌표만으로 확정 불가
P1,A1_B3_P1_2022-05-24_IR1_00004,6,2,몰드변압기 접촉부,초소형(candidate),SUSPECT,정규화 면적 0.00205 < candidate_threshold 0.003,공식 임계값이 아니다. 식별 가능성 기준이므로 좌표만으로 확정 불가
P1,A1_B3_P1_2022-05-24_IR1_00004,7,2,몰드변압기 접촉부,초소형(candidate),SUSPECT,정규화 면적 0.00189 < candidate_threshold 0.003,공식 임계값이 아니다. 식별 가능성 기준이므로 좌표만으로 확정 불가
P1,A1_B3_P1_2022-05-24_IR1_00005,2,2,몰드변압기 접촉부,초소형(candidate),SUSPECT,정규화 면적 0.00235 < candidate_threshold 0.003,공식 임계값이 아니다. 식별 가능성 기준이므로 좌표만으로 확정 불가
P1,A1_B3_P1_2022-05-24_IR1_00005,3,2,몰드변압기 접촉부,초소형(candidate),SUSPECT,정규화 면적 0.00191 < candidate_threshold 0.003,공식 임계값이 아니다. 식별 가능성 기준이므로 좌표만으로 확정 불가
P1,A1_B3_P1_2022-05-24_IR1_00005,5,2,몰드변압기 접촉부,초소형(candidate),SUSPECT,정규화 면적 0.00189 < candidate_threshold 0.003,공식 임계값이 아니다. 식별 가능성 기준이므로 좌표만으로 확정 불가
P1,A1_B3_P1_2022-05-24_IR1_00005,6,2,몰드변압기 접촉부,초소형(candidate),SUSPECT,정규화 면적 0.00160 < candidate_threshold 0.003,공식 임계값이 아니다. 식별 가능성 기준이므로 좌표만으로 확정 불가
P1,A1_B3_P1_2022-05-24_IR1_00006,0,2,몰드변압기 접촉부,초소형(candidate),SUSPECT,정규화 면적 0.00215 < candidate_threshold 0.003,공식 임계값이 아니다. 식별 가능성 기준이므로 좌표만으로 확정 불가
P1,A1_B3_P1_2022-05-24_IR1_00006,3,2,몰드변압기 접촉부,초소형(candidate),SUSPECT,정규화 면적 0.00251 < candidate_threshold 0.003,공식 임계값이 아니다. 식별 가능성 기준이므로 좌표만으로 확정 불가
P1,A1_B3_P1_2022-05-24_IR1_00006,4,2,몰드변압기 접촉부,초소형(candidate),SUSPECT,정규화 면적 0.00249 < candidate_threshold 0.003,공식 임계값이 아니다. 식별 가능성 기준이므로 좌표만으로 확정 불가
P1,A1_B3_P1_2022-05-24_IR1_00006,6,2,몰드변압기 접촉부,초소형(candidate),SUSPECT,정규화 면적 0.00269 < candidate_threshold 0.003,공식 임계값이 아니다. 식별 가능성 기준이므로 좌표만으로 확정 불가
P1,A1_B3_P1_2022-05-24_IR1_00007,0,2,몰드변압기 접촉부,초소형(candidate),SUSPECT,정규화 면적 0.00196 < candidate_threshold 0.003,공식 임계값이 아니다. 식별 가능성 기준이므로 좌표만으로 확정 불가
P1,A1_B3_P1_2022-05-24_IR1_00007,1,2,몰드변압기 접촉부,초소형(candidate),SUSPECT,정규화 면적 0.00253 < candidate_threshold 0.003,공식 임계값이 아니다. 식별 가능성 기준이므로 좌표만으로 확정 불가
P1,A1_B3_P1_2022-05-24_IR1_00007,2,2,몰드변압기 접촉부,초소형(candidate),SUSPECT,정규화 면적 0.00263 < candidate_threshold 0.003,공식 임계값이 아니다. 식별 가능성 기준이므로 좌표만으로 확정 불가
P1,A1_B3_P1_2022-05-24_IR1_00007,4,2,몰드변압기 접촉부,초소형(candidate),SUSPECT,정규화 면적 0.00225 < candidate_threshold 0.003,공식 임계값이 아니다. 식별 가능성 기준이므로 좌표만으로 확정 불가
P1,A1_B3_P1_2022-05-24_IR1_00008,1,2,몰드변압기 접촉부,초소형(candidate),SUSPECT,정규화 면적 0.00209 < candidate_threshold 0.003,공식 임계값이 아니다. 식별 가능성 기준이므로 좌표만으로 확정 불가
P1,A1_B3_P1_2022-05-24_IR1_00008,4,2,몰드변압기 접촉부,초소형(candidate),SUSPECT,정규화 면적 0.00204 < candidate_threshold 0.003,공식 임계값이 아니다. 식별 가능성 기준이므로 좌표만으로 확정 불가
P1,A1_B3_P1_2022-05-24_IR1_00008,5,2,몰드변압기 접촉부,초소형(candidate),SUSPECT,정규화 면적 0.00292 < candidate_threshold 0.003,공식 임계값이 아니다. 식별 가능성 기준이므로 좌표만으로 확정 불가
P1,A1_B3_P1_2022-05-24_IR1_00008,7,2,몰드변압기 접촉부,초소형(candidate),SUSPECT,정규화 면적 0.00190 < candidate_threshold 0.003,공식 임계값이 아니다. 식별 가능성 기준이므로 좌표만으로 확정 불가
P1,A1_B3_P1_2022-05-24_IR1_00008,8,2,몰드변압기 접촉부,초소형(candidate),SUSPECT,정규화 면적 0.00220 < candidate_threshold 0.003,공식 임계값이 아니다. 식별 가능성 기준이므로 좌표만으로 확정 불가
P1,A1_B3_P1_2022-05-24_IR1_00009,0,2,몰드변압기 접촉부,초소형(candidate),SUSPECT,정규화 면적 0.00279 < candidate_threshold 0.003,공식 임계값이 아니다. 식별 가능성 기준이므로 좌표만으로 확정 불가
P1,A1_B3_P1_2022-05-24_IR1_00009,2,2,몰드변압기 접촉부,초소형(candidate),SUSPECT,정규화 면적 0.00226 < candidate_threshold 0.003,공식 임계값이 아니다. 식별 가능성 기준이므로 좌표만으로 확정 불가
P1,A1_B3_P1_2022-05-24_IR1_00009,6,2,몰드변압기 접촉부,초소형(candidate),SUSPECT,정규화 면적 0.00165 < candidate_threshold 0.003,공식 임계값이 아니다. 식별 가능성 기준이므로 좌표만으로 확정 불가
P1,A1_B3_P1_2022-05-24_IR1_00009,7,2,몰드변압기 접촉부,초소형(candidate),SUSPECT,정규화 면적 0.00162 < candidate_threshold 0.003,공식 임계값이 아니다. 식별 가능성 기준이므로 좌표만으로 확정 불가
P1,A1_B3_P1_2022-05-24_IR1_00010,1,2,몰드변압기 접촉부,초소형(candidate),SUSPECT,정규화 면적 0.00226 < candidate_threshold 0.003,공식 임계값이 아니다. 식별 가능성 기준이므로 좌표만으로 확정 불가
P1,A1_B3_P1_2022-05-24_IR1_00010,4,2,몰드변압기 접촉부,초소형(candidate),SUSPECT,정규화 면적 0.00178 < candidate_threshold 0.003,공식 임계값이 아니다. 식별 가능성 기준이므로 좌표만으로 확정 불가
P1,A1_B3_P1_2022-05-24_IR1_00010,5,2,몰드변압기 접촉부,초소형(candidate),SUSPECT,정규화 면적 0.00226 < candidate_threshold 0.003,공식 임계값이 아니다. 식별 가능성 기준이므로 좌표만으로 확정 불가
P1,A1_B3_P1_2022-05-24_IR1_00010,6,2,몰드변압기 접촉부,초소형(candidate),SUSPECT,정규화 면적 0.00226 < candidate_threshold 0.003,공식 임계값이 아니다. 식별 가능성 기준이므로 좌표만으로 확정 불가
P1,A1_B3_P1_2022-05-24_IR1_00011,1,2,몰드변압기 접촉부,초소형(candidate),SUSPECT,정규화 면적 0.00137 < candidate_threshold 0.003,공식 임계값이 아니다. 식별 가능성 기준이므로 좌표만으로 확정 불가
P1,A1_B3_P1_2022-05-24_IR1_00011,2,2,몰드변압기 접촉부,초소형(candidate),SUSPECT,정규화 면적 0.00137 < candidate_threshold 0.003,공식 임계값이 아니다. 식별 가능성 기준이므로 좌표만으로 확정 불가
P1,A1_B3_P1_2022-05-24_IR1_00011,4,2,몰드변압기 접촉부,초소형(candidate),SUSPECT,정규화 면적 0.00137 < candidate_threshold 0.003,공식 임계값이 아니다. 식별 가능성 기준이므로 좌표만으로 확정 불가
P1,A1_B3_P1_2022-05-24_IR1_00011,7,2,몰드변압기 접촉부,초소형(candidate),SUSPECT,정규화 면적 0.00137 < candidate_threshold 0.003,공식 임계값이 아니다. 식별 가능성 기준이므로 좌표만으로 확정 불가
P1,A1_B3_P1_2022-05-24_IR1_00015,0,2,몰드변압기 접촉부,초소형(candidate),SUSPECT,정규화 면적 0.00189 < candidate_threshold 0.003,공식 임계값이 아니다. 식별 가능성 기준이므로 좌표만으로 확정 불가
P1,A1_B3_P1_2022-05-24_IR1_00015,2,2,몰드변압기 접촉부,초소형(candidate),SUSPECT,정규화 면적 0.00261 < candidate_threshold 0.003,공식 임계값이 아니다. 식별 가능성 기준이므로 좌표만으로 확정 불가
P1,A1_B3_P1_2022-05-24_IR1_00015,3,2,몰드변압기 접촉부,초소형(candidate),SUSPECT,정규화 면적 0.00261 < candidate_threshold 0.003,공식 임계값이 아니다. 식별 가능성 기준이므로 좌표만으로 확정 불가
P1,A1_B3_P1_2022-05-24_IR1_00016,1,2,몰드변압기 접촉부,초소형(candidate),SUSPECT,정규화 면적 0.00287 < candidate_threshold 0.003,공식 임계값이 아니다. 식별 가능성 기준이므로 좌표만으로 확정 불가
P1,A1_B3_P1_2022-05-24_IR1_00016,4,2,몰드변압기 접촉부,초소형(candidate),SUSPECT,정규화 면적 0.00261 < candidate_threshold 0.003,공식 임계값이 아니다. 식별 가능성 기준이므로 좌표만으로 확정 불가
P1,A1_B3_P1_2022-05-24_IR1_00017,0,2,몰드변압기 접촉부,초소형(candidate),SUSPECT,정규화 면적 0.00261 < candidate_threshold 0.003,공식 임계값이 아니다. 식별 가능성 기준이므로 좌표만으로 확정 불가
P1,A1_B3_P1_2022-05-24_IR1_00017,2,2,몰드변압기 접촉부,초소형(candidate),SUSPECT,정규화 면적 0.00261 < candidate_threshold 0.003,공식 임계값이 아니다. 식별 가능성 기준이므로 좌표만으로 확정 불가
P1,A1_B3_P1_2022-05-24_IR1_00018,2,2,몰드변압기 접촉부,초소형(candidate),SUSPECT,정규화 면적 0.00184 < candidate_threshold 0.003,공식 임계값이 아니다. 식별 가능성 기준이므로 좌표만으로 확정 불가
P1,A1_B3_P1_2022-05-24_IR1_00018,4,2,몰드변압기 접촉부,초소형(candidate),SUSPECT,정규화 면적 0.00253 < candidate_threshold 0.003,공식 임계값이 아니다. 식별 가능성 기준이므로 좌표만으로 확정 불가
P1,A1_B3_P1_2022-05-24_IR1_00019,0,2,몰드변압기 접촉부,초소형(candidate),SUSPECT,정규화 면적 0.00297 < candidate_threshold 0.003,공식 임계값이 아니다. 식별 가능성 기준이므로 좌표만으로 확정 불가
P1,A1_B3_P1_2022-05-24_IR1_00019,3,2,몰드변압기 접촉부,초소형(candidate),SUSPECT,정규화 면적 0.00169 < candidate_threshold 0.003,공식 임계값이 아니다. 식별 가능성 기준이므로 좌표만으로 확정 불가
P1,A1_B3_P1_2022-05-24_IR1_00019,5,2,몰드변압기 접촉부,초소형(candidate),SUSPECT,정규화 면적 0.00187 < candidate_threshold 0.003,공식 임계값이 아니다. 식별 가능성 기준이므로 좌표만으로 확정 불가
P1,A1_B3_P1_2022-05-24_IR1_00019,3+5,2,몰드변압기 접촉부,같은 클래스 중복,FAIL,한 박스가 다른 박스를 완전히 포함한다 — 같은 인스턴스 이중 라벨,IoU 0.629
P1,A1_B3_P1_2022-05-24_IR1_00020,0,2,몰드변압기 접촉부,초소형(candidate),SUSPECT,정규화 면적 0.00139 < candidate_threshold 0.003,공식 임계값이 아니다. 식별 가능성 기준이므로 좌표만으로 확정 불가
P1,A1_B3_P1_2022-05-24_IR1_00020,1,2,몰드변압기 접촉부,초소형(candidate),SUSPECT,정규화 면적 0.00164 < candidate_threshold 0.003,공식 임계값이 아니다. 식별 가능성 기준이므로 좌표만으로 확정 불가
P1,A1_B3_P1_2022-05-24_IR1_00020,5,2,몰드변압기 접촉부,초소형(candidate),SUSPECT,정규화 면적 0.00146 < candidate_threshold 0.003,공식 임계값이 아니다. 식별 가능성 기준이므로 좌표만으로 확정 불가
P1,A1_B3_P1_2022-05-24_IR1_00021,1,2,몰드변압기 접촉부,초소형(candidate),SUSPECT,정규화 면적 0.00106 < candidate_threshold 0.003,공식 임계값이 아니다. 식별 가능성 기준이므로 좌표만으로 확정 불가
P1,A1_B3_P1_2022-05-24_IR1_00021,2,2,몰드변압기 접촉부,초소형(candidate),SUSPECT,정규화 면적 0.00106 < candidate_threshold 0.003,공식 임계값이 아니다. 식별 가능성 기준이므로 좌표만으로 확정 불가
P1,A1_B3_P1_2022-05-24_IR1_00021,5,2,몰드변압기 접촉부,초소형(candidate),SUSPECT,정규화 면적 0.00106 < candidate_threshold 0.003,공식 임계값이 아니다. 식별 가능성 기준이므로 좌표만으로 확정 불가
P1,A1_B3_P1_2022-05-24_IR1_00022,0,2,몰드변압기 접촉부,초소형(candidate),SUSPECT,정규화 면적 0.00106 < candidate_threshold 0.003,공식 임계값이 아니다. 식별 가능성 기준이므로 좌표만으로 확정 불가
P1,A1_B3_P1_2022-05-24_IR1_00023,2,2,몰드변압기 접촉부,초소형(candidate),SUSPECT,정규화 면적 0.00215 < candidate_threshold 0.003,공식 임계값이 아니다. 식별 가능성 기준이므로 좌표만으로 확정 불가
P1,A1_B3_P1_2022-05-24_IR1_00023,3,2,몰드변압기 접촉부,초소형(candidate),SUSPECT,정규화 면적 0.00214 < candidate_threshold 0.003,공식 임계값이 아니다. 식별 가능성 기준이므로 좌표만으로 확정 불가
P1,A1_B3_P1_2022-05-24_IR1_00023,4,2,몰드변압기 접촉부,초소형(candidate),SUSPECT,정규화 면적 0.00214 < candidate_threshold 0.003,공식 임계값이 아니다. 식별 가능성 기준이므로 좌표만으로 확정 불가
P1,A1_B3_P1_2022-05-24_IR1_00024,0,2,몰드변압기 접촉부,초소형(candidate),SUSPECT,정규화 면적 0.00214 < candidate_threshold 0.003,공식 임계값이 아니다. 식별 가능성 기준이므로 좌표만으로 확정 불가
P1,A1_B3_P1_2022-05-24_IR1_00024,1,2,몰드변압기 접촉부,초소형(candidate),SUSPECT,정규화 면적 0.00214 < candidate_threshold 0.003,공식 임계값이 아니다. 식별 가능성 기준이므로 좌표만으로 확정 불가
P1,A1_B3_P1_2022-05-24_IR1_00024,2,2,몰드변압기 접촉부,초소형(candidate),SUSPECT,정규화 면적 0.00214 < candidate_threshold 0.003,공식 임계값이 아니다. 식별 가능성 기준이므로 좌표만으로 확정 불가
P1,A1_B3_P1_2022-05-24_IR1_00024,7,2,몰드변압기 접촉부,초소형(candidate),SUSPECT,정규화 면적 0.00215 < candidate_threshold 0.003,공식 임계값이 아니다. 식별 가능성 기준이므로 좌표만으로 확정 불가
P1,A1_B3_P1_2022-05-24_IR1_00025,0,2,몰드변압기 접촉부,초소형(candidate),SUSPECT,정규화 면적 0.00215 < candidate_threshold 0.003,공식 임계값이 아니다. 식별 가능성 기준이므로 좌표만으로 확정 불가
P1,A1_B3_P1_2022-05-24_IR1_00025,3,2,몰드변압기 접촉부,초소형(candidate),SUSPECT,정규화 면적 0.00215 < candidate_threshold 0.003,공식 임계값이 아니다. 식별 가능성 기준이므로 좌표만으로 확정 불가
P1,A1_B3_P1_2022-05-24_IR1_00025,4,2,몰드변압기 접촉부,초소형(candidate),SUSPECT,정규화 면적 0.00214 < candidate_threshold 0.003,공식 임계값이 아니다. 식별 가능성 기준이므로 좌표만으로 확정 불가
P1,A1_B3_P1_2022-05-24_IR1_00025,5,2,몰드변압기 접촉부,초소형(candidate),SUSPECT,정규화 면적 0.00215 < candidate_threshold 0.003,공식 임계값이 아니다. 식별 가능성 기준이므로 좌표만으로 확정 불가
P1,A1_B3_P1_2022-05-24_IR1_00025,6,2,몰드변압기 접촉부,초소형(candidate),SUSPECT,정규화 면적 0.00215 < candidate_threshold 0.003,공식 임계값이 아니다. 식별 가능성 기준이므로 좌표만으로 확정 불가
P1,A1_B3_P1_2022-05-24_IR1_00026,0,2,몰드변압기 접촉부,초소형(candidate),SUSPECT,정규화 면적 0.00214 < candidate_threshold 0.003,공식 임계값이 아니다. 식별 가능성 기준이므로 좌표만으로 확정 불가
P1,A1_B3_P1_2022-05-24_IR1_00026,1,2,몰드변압기 접촉부,초소형(candidate),SUSPECT,정규화 면적 0.00214 < candidate_threshold 0.003,공식 임계값이 아니다. 식별 가능성 기준이므로 좌표만으로 확정 불가
P1,A1_B3_P1_2022-05-24_IR1_00026,5,2,몰드변압기 접촉부,초소형(candidate),SUSPECT,정규화 면적 0.00214 < candidate_threshold 0.003,공식 임계값이 아니다. 식별 가능성 기준이므로 좌표만으로 확정 불가
P1,A1_B3_P1_2022-05-24_IR1_00026,7,2,몰드변압기 접촉부,초소형(candidate),SUSPECT,정규화 면적 0.00214 < candidate_threshold 0.003,공식 임계값이 아니다. 식별 가능성 기준이므로 좌표만으로 확정 불가
P1,A1_B3_P1_2022-05-24_IR1_00026,8,2,몰드변압기 접촉부,초소형(candidate),SUSPECT,정규화 면적 0.00214 < candidate_threshold 0.003,공식 임계값이 아니다. 식별 가능성 기준이므로 좌표만으로 확정 불가
P1,A1_B3_P1_2022-05-24_IR1_00026,9,2,몰드변압기 접촉부,초소형(candidate),SUSPECT,정규화 면적 0.00214 < candidate_threshold 0.003,공식 임계값이 아니다. 식별 가능성 기준이므로 좌표만으로 확정 불가
P1,A1_B3_P1_2022-05-24_IR1_00027,2,2,몰드변압기 접촉부,초소형(candidate),SUSPECT,정규화 면적 0.00154 < candidate_threshold 0.003,공식 임계값이 아니다. 식별 가능성 기준이므로 좌표만으로 확정 불가
P1,A1_B3_P1_2022-05-24_IR1_00027,4,2,몰드변압기 접촉부,초소형(candidate),SUSPECT,정규화 면적 0.00214 < candidate_threshold 0.003,공식 임계값이 아니다. 식별 가능성 기준이므로 좌표만으로 확정 불가
P1,A1_B3_P1_2022-05-24_IR1_00027,5,2,몰드변압기 접촉부,초소형(candidate),SUSPECT,정규화 면적 0.00215 < candidate_threshold 0.003,공식 임계값이 아니다. 식별 가능성 기준이므로 좌표만으로 확정 불가
P1,A1_B3_P1_2022-05-24_IR1_00027,6,2,몰드변압기 접촉부,초소형(candidate),SUSPECT,정규화 면적 0.00214 < candidate_threshold 0.003,공식 임계값이 아니다. 식별 가능성 기준이므로 좌표만으로 확정 불가
P1,A1_B3_P1_2022-05-24_IR1_00028,0,2,몰드변압기 접촉부,초소형(candidate),SUSPECT,정규화 면적 0.00214 < candidate_threshold 0.003,공식 임계값이 아니다. 식별 가능성 기준이므로 좌표만으로 확정 불가
P1,A1_B3_P1_2022-05-24_IR1_00028,2,2,몰드변압기 접촉부,초소형(candidate),SUSPECT,정규화 면적 0.00215 < candidate_threshold 0.003,공식 임계값이 아니다. 식별 가능성 기준이므로 좌표만으로 확정 불가
P1,A1_B3_P1_2022-05-24_IR1_00028,5,2,몰드변압기 접촉부,초소형(candidate),SUSPECT,정규화 면적 0.00214 < candidate_threshold 0.003,공식 임계값이 아니다. 식별 가능성 기준이므로 좌표만으로 확정 불가
P1,A1_B3_P1_2022-05-24_IR1_00029,0,2,몰드변압기 접촉부,초소형(candidate),SUSPECT,정규화 면적 0.00157 < candidate_threshold 0.003,공식 임계값이 아니다. 식별 가능성 기준이므로 좌표만으로 확정 불가
P1,A1_B3_P1_2022-05-24_IR1_00029,5,2,몰드변압기 접촉부,초소형(candidate),SUSPECT,정규화 면적 0.00188 < candidate_threshold 0.003,공식 임계값이 아니다. 식별 가능성 기준이므로 좌표만으로 확정 불가
P1,A1_B3_P1_2022-05-24_IR1_00029,6,2,몰드변압기 접촉부,초소형(candidate),SUSPECT,정규화 면적 0.00181 < candidate_threshold 0.003,공식 임계값이 아니다. 식별 가능성 기준이므로 좌표만으로 확정 불가
P1,A1_B3_P1_2022-05-24_IR1_00029,7,2,몰드변압기 접촉부,초소형(candidate),SUSPECT,정규화 면적 0.00157 < candidate_threshold 0.003,공식 임계값이 아니다. 식별 가능성 기준이므로 좌표만으로 확정 불가
P1,A1_B3_P1_2022-05-24_IR1_00030,2,2,몰드변압기 접촉부,초소형(candidate),SUSPECT,정규화 면적 0.00157 < candidate_threshold 0.003,공식 임계값이 아니다. 식별 가능성 기준이므로 좌표만으로 확정 불가
P1,A1_B3_P1_2022-05-24_IR1_00030,4,2,몰드변압기 접촉부,초소형(candidate),SUSPECT,정규화 면적 0.00157 < candidate_threshold 0.003,공식 임계값이 아니다. 식별 가능성 기준이므로 좌표만으로 확정 불가
P1,A1_B3_P1_2022-05-24_IR1_00030,5,2,몰드변압기 접촉부,초소형(candidate),SUSPECT,정규화 면적 0.00157 < candidate_threshold 0.003,공식 임계값이 아니다. 식별 가능성 기준이므로 좌표만으로 확정 불가
P1,A1_B3_P1_2022-05-24_IR1_00031,1,2,몰드변압기 접촉부,초소형(candidate),SUSPECT,정규화 면적 0.00069 < candidate_threshold 0.003,공식 임계값이 아니다. 식별 가능성 기준이므로 좌표만으로 확정 불가
P1,A1_B3_P1_2022-05-24_IR1_00031,3,2,몰드변압기 접촉부,초소형(candidate),SUSPECT,정규화 면적 0.00134 < candidate_threshold 0.003,공식 임계값이 아니다. 식별 가능성 기준이므로 좌표만으로 확정 불가
P1,A1_B3_P1_2022-05-24_IR1_00031,4,2,몰드변압기 접촉부,초소형(candidate),SUSPECT,정규화 면적 0.00134 < candidate_threshold 0.003,공식 임계값이 아니다. 식별 가능성 기준이므로 좌표만으로 확정 불가
P1,A1_B3_P1_2022-05-24_IR1_00032,0,2,몰드변압기 접촉부,초소형(candidate),SUSPECT,정규화 면적 0.00160 < candidate_threshold 0.003,공식 임계값이 아니다. 식별 가능성 기준이므로 좌표만으로 확정 불가
P1,A1_B3_P1_2022-05-24_IR1_00032,4,2,몰드변압기 접촉부,초소형(candidate),SUSPECT,정규화 면적 0.00214 < candidate_threshold 0.003,공식 임계값이 아니다. 식별 가능성 기준이므로 좌표만으로 확정 불가
P1,A1_B3_P1_2022-05-24_IR1_00032,6,2,몰드변압기 접촉부,초소형(candidate),SUSPECT,정규화 면적 0.00194 < candidate_threshold 0.003,공식 임계값이 아니다. 식별 가능성 기준이므로 좌표만으로 확정 불가
P1,A1_B3_P1_2022-05-24_IR1_00033,3,2,몰드변압기 접촉부,초소형(candidate),SUSPECT,정규화 면적 0.00214 < candidate_threshold 0.003,공식 임계값이 아니다. 식별 가능성 기준이므로 좌표만으로 확정 불가
P1,A1_B3_P1_2022-05-24_IR1_00034,0,2,몰드변압기 접촉부,초소형(candidate),SUSPECT,정규화 면적 0.00214 < candidate_threshold 0.003,공식 임계값이 아니다. 식별 가능성 기준이므로 좌표만으로 확정 불가
P1,A1_B3_P1_2022-05-24_IR1_00034,1,2,몰드변압기 접촉부,초소형(candidate),SUSPECT,정규화 면적 0.00213 < candidate_threshold 0.003,공식 임계값이 아니다. 식별 가능성 기준이므로 좌표만으로 확정 불가
P1,A1_B3_P1_2022-05-24_IR1_00035,1,2,몰드변압기 접촉부,초소형(candidate),SUSPECT,정규화 면적 0.00214 < candidate_threshold 0.003,공식 임계값이 아니다. 식별 가능성 기준이므로 좌표만으로 확정 불가
P1,A1_B3_P1_2022-05-24_IR1_00035,4,2,몰드변압기 접촉부,초소형(candidate),SUSPECT,정규화 면적 0.00214 < candidate_threshold 0.003,공식 임계값이 아니다. 식별 가능성 기준이므로 좌표만으로 확정 불가
P1,A1_B3_P1_2022-05-24_IR1_00035,5,2,몰드변압기 접촉부,초소형(candidate),SUSPECT,정규화 면적 0.00214 < candidate_threshold 0.003,공식 임계값이 아니다. 식별 가능성 기준이므로 좌표만으로 확정 불가
P1,A1_B3_P1_2022-05-24_IR1_00035,6,2,몰드변압기 접촉부,초소형(candidate),SUSPECT,정규화 면적 0.00214 < candidate_threshold 0.003,공식 임계값이 아니다. 식별 가능성 기준이므로 좌표만으로 확정 불가
P1,A1_B3_P1_2022-05-24_IR1_00036,0,2,몰드변압기 접촉부,초소형(candidate),SUSPECT,정규화 면적 0.00219 < candidate_threshold 0.003,공식 임계값이 아니다. 식별 가능성 기준이므로 좌표만으로 확정 불가
P1,A1_B3_P1_2022-05-24_IR1_00036,2,2,몰드변압기 접촉부,초소형(candidate),SUSPECT,정규화 면적 0.00156 < candidate_threshold 0.003,공식 임계값이 아니다. 식별 가능성 기준이므로 좌표만으로 확정 불가
P1,A1_B3_P1_2022-05-24_IR1_00036,5,2,몰드변압기 접촉부,초소형(candidate),SUSPECT,정규화 면적 0.00168 < candidate_threshold 0.003,공식 임계값이 아니다. 식별 가능성 기준이므로 좌표만으로 확정 불가
P1,A1_B3_P1_2022-05-24_IR1_00037,1,2,몰드변압기 접촉부,초소형(candidate),SUSPECT,정규화 면적 0.00205 < candidate_threshold 0.003,공식 임계값이 아니다. 식별 가능성 기준이므로 좌표만으로 확정 불가
P1,A1_B3_P1_2022-05-24_IR1_00037,4,2,몰드변압기 접촉부,초소형(candidate),SUSPECT,정규화 면적 0.00138 < candidate_threshold 0.003,공식 임계값이 아니다. 식별 가능성 기준이므로 좌표만으로 확정 불가
P1,A1_B3_P1_2022-05-24_IR1_00037,6,2,몰드변압기 접촉부,초소형(candidate),SUSPECT,정규화 면적 0.00267 < candidate_threshold 0.003,공식 임계값이 아니다. 식별 가능성 기준이므로 좌표만으로 확정 불가
P1,A1_B3_P1_2022-05-24_IR1_00038,0,2,몰드변압기 접촉부,초소형(candidate),SUSPECT,정규화 면적 0.00149 < candidate_threshold 0.003,공식 임계값이 아니다. 식별 가능성 기준이므로 좌표만으로 확정 불가
P1,A1_B3_P1_2022-05-24_IR1_00038,1,2,몰드변압기 접촉부,초소형(candidate),SUSPECT,정규화 면적 0.00117 < candidate_threshold 0.003,공식 임계값이 아니다. 식별 가능성 기준이므로 좌표만으로 확정 불가
P1,A1_B3_P1_2022-05-24_IR1_00038,2,2,몰드변압기 접촉부,초소형(candidate),SUSPECT,정규화 면적 0.00090 < candidate_threshold 0.003,공식 임계값이 아니다. 식별 가능성 기준이므로 좌표만으로 확정 불가
P1,A1_B3_P1_2022-05-24_IR1_00038,3+5,0,철심부,같은 클래스 중복,FAIL,한 박스가 다른 박스를 완전히 포함한다 — 같은 인스턴스 이중 라벨,IoU 0.780
P1,A1_B3_P1_2022-05-24_IR1_00039,0,2,몰드변압기 접촉부,초소형(candidate),SUSPECT,정규화 면적 0.00136 < candidate_threshold 0.003,공식 임계값이 아니다. 식별 가능성 기준이므로 좌표만으로 확정 불가
P1,A1_B3_P1_2022-05-24_IR1_00039,2,2,몰드변압기 접촉부,초소형(candidate),SUSPECT,정규화 면적 0.00132 < candidate_threshold 0.003,공식 임계값이 아니다. 식별 가능성 기준이므로 좌표만으로 확정 불가
P1,A1_B3_P1_2022-05-24_IR1_00039,4,2,몰드변압기 접촉부,초소형(candidate),SUSPECT,정규화 면적 0.00100 < candidate_threshold 0.003,공식 임계값이 아니다. 식별 가능성 기준이므로 좌표만으로 확정 불가
P1,A1_B3_P1_2022-05-24_IR1_00039,5,2,몰드변압기 접촉부,초소형(candidate),SUSPECT,정규화 면적 0.00085 < candidate_threshold 0.003,공식 임계값이 아니다. 식별 가능성 기준이므로 좌표만으로 확정 불가
P1,A1_B3_P1_2022-05-24_IR1_00039,4+5,2,몰드변압기 접촉부,같은 클래스 중복,FAIL,한 박스가 다른 박스를 완전히 포함한다 — 같은 인스턴스 이중 라벨,IoU 0.469
P1,A1_B3_P1_2022-05-24_IR1_00040,2,2,몰드변압기 접촉부,초소형(candidate),SUSPECT,정규화 면적 0.00140 < candidate_threshold 0.003,공식 임계값이 아니다. 식별 가능성 기준이므로 좌표만으로 확정 불가
P1,A1_B3_P1_2022-05-24_IR1_00040,4,2,몰드변압기 접촉부,초소형(candidate),SUSPECT,정규화 면적 0.00182 < candidate_threshold 0.003,공식 임계값이 아니다. 식별 가능성 기준이므로 좌표만으로 확정 불가
P1,A1_B3_P1_2022-05-24_IR1_00043,1,2,몰드변압기 접촉부,초소형(candidate),SUSPECT,정규화 면적 0.00261 < candidate_threshold 0.003,공식 임계값이 아니다. 식별 가능성 기준이므로 좌표만으로 확정 불가
P1,A1_B3_P1_2022-05-24_IR1_00043,2,2,몰드변압기 접촉부,초소형(candidate),SUSPECT,정규화 면적 0.00261 < candidate_threshold 0.003,공식 임계값이 아니다. 식별 가능성 기준이므로 좌표만으로 확정 불가
P1,A1_B3_P1_2022-05-24_IR1_00043,3,2,몰드변압기 접촉부,초소형(candidate),SUSPECT,정규화 면적 0.00261 < candidate_threshold 0.003,공식 임계값이 아니다. 식별 가능성 기준이므로 좌표만으로 확정 불가
P1,A1_B3_P1_2022-05-24_IR1_00045,1,2,몰드변압기 접촉부,초소형(candidate),SUSPECT,정규화 면적 0.00261 < candidate_threshold 0.003,공식 임계값이 아니다. 식별 가능성 기준이므로 좌표만으로 확정 불가
P1,A1_B3_P1_2022-05-24_IR1_00045,3,2,몰드변압기 접촉부,초소형(candidate),SUSPECT,정규화 면적 0.00261 < candidate_threshold 0.003,공식 임계값이 아니다. 식별 가능성 기준이므로 좌표만으로 확정 불가
P1,A1_B3_P1_2022-05-24_IR1_00045,4,2,몰드변압기 접촉부,초소형(candidate),SUSPECT,정규화 면적 0.00261 < candidate_threshold 0.003,공식 임계값이 아니다. 식별 가능성 기준이므로 좌표만으로 확정 불가
P1,A1_B3_P1_2022-05-24_IR1_00046,0,2,몰드변압기 접촉부,초소형(candidate),SUSPECT,정규화 면적 0.00261 < candidate_threshold 0.003,공식 임계값이 아니다. 식별 가능성 기준이므로 좌표만으로 확정 불가
P1,A1_B3_P1_2022-05-24_IR1_00046,2,2,몰드변압기 접촉부,초소형(candidate),SUSPECT,정규화 면적 0.00261 < candidate_threshold 0.003,공식 임계값이 아니다. 식별 가능성 기준이므로 좌표만으로 확정 불가
P1,A1_B3_P1_2022-05-24_IR1_00046,3,2,몰드변압기 접촉부,초소형(candidate),SUSPECT,정규화 면적 0.00261 < candidate_threshold 0.003,공식 임계값이 아니다. 식별 가능성 기준이므로 좌표만으로 확정 불가
P1,A1_B3_P1_2022-05-24_IR1_00046,6,2,몰드변압기 접촉부,초소형(candidate),SUSPECT,정규화 면적 0.00261 < candidate_threshold 0.003,공식 임계값이 아니다. 식별 가능성 기준이므로 좌표만으로 확정 불가
P1,A1_B3_P1_2022-05-24_IR1_00050,3,2,몰드변압기 접촉부,초소형(candidate),SUSPECT,정규화 면적 0.00261 < candidate_threshold 0.003,공식 임계값이 아니다. 식별 가능성 기준이므로 좌표만으로 확정 불가
P1,A1_B3_P1_2022-05-24_IR1_00050,4,2,몰드변압기 접촉부,초소형(candidate),SUSPECT,정규화 면적 0.00240 < candidate_threshold 0.003,공식 임계값이 아니다. 식별 가능성 기준이므로 좌표만으로 확정 불가
P1,A1_B3_P1_2022-05-24_IR1_00050,5,2,몰드변압기 접촉부,초소형(candidate),SUSPECT,정규화 면적 0.00261 < candidate_threshold 0.003,공식 임계값이 아니다. 식별 가능성 기준이므로 좌표만으로 확정 불가
P1,A1_B3_P1_2022-05-24_IR1_00051,3,2,몰드변압기 접촉부,초소형(candidate),SUSPECT,정규화 면적 0.00261 < candidate_threshold 0.003,공식 임계값이 아니다. 식별 가능성 기준이므로 좌표만으로 확정 불가
P1,A1_B3_P1_2022-05-24_IR1_00051,4,2,몰드변압기 접촉부,초소형(candidate),SUSPECT,정규화 면적 0.00261 < candidate_threshold 0.003,공식 임계값이 아니다. 식별 가능성 기준이므로 좌표만으로 확정 불가
P1,A1_B3_P1_2022-05-24_IR1_00051,6,2,몰드변압기 접촉부,초소형(candidate),SUSPECT,정규화 면적 0.00261 < candidate_threshold 0.003,공식 임계값이 아니다. 식별 가능성 기준이므로 좌표만으로 확정 불가
P1,A1_B3_P1_2022-05-24_IR1_00053,3,2,몰드변압기 접촉부,초소형(candidate),SUSPECT,정규화 면적 0.00188 < candidate_threshold 0.003,공식 임계값이 아니다. 식별 가능성 기준이므로 좌표만으로 확정 불가
P1,A1_B3_P1_2022-05-24_IR1_00053,4,2,몰드변압기 접촉부,초소형(candidate),SUSPECT,정규화 면적 0.00104 < candidate_threshold 0.003,공식 임계값이 아니다. 식별 가능성 기준이므로 좌표만으로 확정 불가
P1,A1_B3_P1_2022-05-24_IR1_00057,1,2,몰드변압기 접촉부,초소형(candidate),SUSPECT,정규화 면적 0.00234 < candidate_threshold 0.003,공식 임계값이 아니다. 식별 가능성 기준이므로 좌표만으로 확정 불가
P1,A1_B3_P1_2022-05-24_IR1_00057,4,2,몰드변압기 접촉부,초소형(candidate),SUSPECT,정규화 면적 0.00159 < candidate_threshold 0.003,공식 임계값이 아니다. 식별 가능성 기준이므로 좌표만으로 확정 불가
P1,A1_B3_P1_2022-05-24_IR1_00057,1+4,2,몰드변압기 접촉부,같은 클래스 중복,FAIL,한 박스가 다른 박스를 완전히 포함한다 — 같은 인스턴스 이중 라벨,IoU 0.645
P1,A1_B3_P1_2022-05-24_IR1_00059,2,2,몰드변압기 접촉부,초소형(candidate),SUSPECT,정규화 면적 0.00233 < candidate_threshold 0.003,공식 임계값이 아니다. 식별 가능성 기준이므로 좌표만으로 확정 불가
P1,A1_B3_P1_2022-05-24_IR1_00060,1,2,몰드변압기 접촉부,초소형(candidate),SUSPECT,정규화 면적 0.00226 < candidate_threshold 0.003,공식 임계값이 아니다. 식별 가능성 기준이므로 좌표만으로 확정 불가
P1,A1_B3_P1_2022-05-24_IR1_00060,4,2,몰드변압기 접촉부,초소형(candidate),SUSPECT,정규화 면적 0.00244 < candidate_threshold 0.003,공식 임계값이 아니다. 식별 가능성 기준이므로 좌표만으로 확정 불가
P1,A1_B3_P1_2022-05-24_IR1_00060,5,2,몰드변압기 접촉부,초소형(candidate),SUSPECT,정규화 면적 0.00121 < candidate_threshold 0.003,공식 임계값이 아니다. 식별 가능성 기준이므로 좌표만으로 확정 불가
P1,A1_B3_P1_2022-05-24_IR1_00066,1,2,몰드변압기 접촉부,초소형(candidate),SUSPECT,정규화 면적 0.00167 < candidate_threshold 0.003,공식 임계값이 아니다. 식별 가능성 기준이므로 좌표만으로 확정 불가
P1,A1_B3_P1_2022-05-24_IR1_00066,2,2,몰드변압기 접촉부,초소형(candidate),SUSPECT,정규화 면적 0.00167 < candidate_threshold 0.003,공식 임계값이 아니다. 식별 가능성 기준이므로 좌표만으로 확정 불가
P1,A1_B3_P1_2022-05-24_IR1_00066,4,2,몰드변압기 접촉부,초소형(candidate),SUSPECT,정규화 면적 0.00167 < candidate_threshold 0.003,공식 임계값이 아니다. 식별 가능성 기준이므로 좌표만으로 확정 불가
P1,A1_B3_P1_2022-05-24_IR1_00066,6,2,몰드변압기 접촉부,초소형(candidate),SUSPECT,정규화 면적 0.00167 < candidate_threshold 0.003,공식 임계값이 아니다. 식별 가능성 기준이므로 좌표만으로 확정 불가
P1,A1_B3_P1_2022-05-24_IR1_00067,4,2,몰드변압기 접촉부,초소형(candidate),SUSPECT,정규화 면적 0.00111 < candidate_threshold 0.003,공식 임계값이 아니다. 식별 가능성 기준이므로 좌표만으로 확정 불가
P1,A1_B3_P1_2022-05-24_IR1_00067,7,2,몰드변압기 접촉부,초소형(candidate),SUSPECT,정규화 면적 0.00123 < candidate_threshold 0.003,공식 임계값이 아니다. 식별 가능성 기준이므로 좌표만으로 확정 불가
P1,A1_B3_P1_2022-05-24_IR1_00067,5+6,2,몰드변압기 접촉부,같은 클래스 중복,FAIL,한 박스가 다른 박스를 완전히 포함한다 — 같은 인스턴스 이중 라벨,IoU 0.845
P1,A1_B3_P1_2022-05-24_IR1_00068,1,2,몰드변압기 접촉부,초소형(candidate),SUSPECT,정규화 면적 0.00270 < candidate_threshold 0.003,공식 임계값이 아니다. 식별 가능성 기준이므로 좌표만으로 확정 불가
P1,A1_B3_P1_2022-05-24_IR1_00068,9,2,몰드변압기 접촉부,초소형(candidate),SUSPECT,정규화 면적 0.00264 < candidate_threshold 0.003,공식 임계값이 아니다. 식별 가능성 기준이므로 좌표만으로 확정 불가
P1,A1_B3_P1_2022-05-24_IR1_00069,3,2,몰드변압기 접촉부,초소형(candidate),SUSPECT,정규화 면적 0.00295 < candidate_threshold 0.003,공식 임계값이 아니다. 식별 가능성 기준이므로 좌표만으로 확정 불가
P1,A1_B3_P1_2022-05-24_IR1_00069,4,2,몰드변압기 접촉부,초소형(candidate),SUSPECT,정규화 면적 0.00156 < candidate_threshold 0.003,공식 임계값이 아니다. 식별 가능성 기준이므로 좌표만으로 확정 불가
P1,A1_B3_P1_2022-05-24_IR1_00069,5,2,몰드변압기 접촉부,초소형(candidate),SUSPECT,정규화 면적 0.00141 < candidate_threshold 0.003,공식 임계값이 아니다. 식별 가능성 기준이므로 좌표만으로 확정 불가
P1,A1_B3_P1_2022-05-24_IR1_00069,4+5,2,몰드변압기 접촉부,같은 클래스 중복,FAIL,한 박스가 다른 박스를 완전히 포함한다 — 같은 인스턴스 이중 라벨,IoU 0.695
P1,A1_B3_P1_2022-05-24_IR1_00073,6,2,몰드변압기 접촉부,초소형(candidate),SUSPECT,정규화 면적 0.00155 < candidate_threshold 0.003,공식 임계값이 아니다. 식별 가능성 기준이므로 좌표만으로 확정 불가
P1,A1_B3_P1_2022-05-24_IR1_00076,4,2,몰드변압기 접촉부,초소형(candidate),SUSPECT,정규화 면적 0.00246 < candidate_threshold 0.003,공식 임계값이 아니다. 식별 가능성 기준이므로 좌표만으로 확정 불가
P1,A1_B3_P1_2022-05-24_IR1_00077,1,2,몰드변압기 접촉부,초소형(candidate),SUSPECT,정규화 면적 0.00195 < candidate_threshold 0.003,공식 임계값이 아니다. 식별 가능성 기준이므로 좌표만으로 확정 불가
P1,A1_B3_P1_2022-05-24_IR1_00078,2,2,몰드변압기 접촉부,초소형(candidate),SUSPECT,정규화 면적 0.00172 < candidate_threshold 0.003,공식 임계값이 아니다. 식별 가능성 기준이므로 좌표만으로 확정 불가
P1,A1_B3_P1_2022-05-24_IR1_00079,1,2,몰드변압기 접촉부,초소형(candidate),SUSPECT,정규화 면적 0.00195 < candidate_threshold 0.003,공식 임계값이 아니다. 식별 가능성 기준이므로 좌표만으로 확정 불가
P1,A1_B3_P1_2022-05-24_IR1_00080,4,2,몰드변압기 접촉부,초소형(candidate),SUSPECT,정규화 면적 0.00273 < candidate_threshold 0.003,공식 임계값이 아니다. 식별 가능성 기준이므로 좌표만으로 확정 불가
P1,A1_B3_P1_2022-05-24_IR1_00081,4,2,몰드변압기 접촉부,초소형(candidate),SUSPECT,정규화 면적 0.00163 < candidate_threshold 0.003,공식 임계값이 아니다. 식별 가능성 기준이므로 좌표만으로 확정 불가
P1,A1_B3_P1_2022-05-24_IR1_00082,0,2,몰드변압기 접촉부,초소형(candidate),SUSPECT,정규화 면적 0.00179 < candidate_threshold 0.003,공식 임계값이 아니다. 식별 가능성 기준이므로 좌표만으로 확정 불가
P1,A1_B3_P1_2022-05-24_IR1_00084,5,2,몰드변압기 접촉부,초소형(candidate),SUSPECT,정규화 면적 0.00075 < candidate_threshold 0.003,공식 임계값이 아니다. 식별 가능성 기준이므로 좌표만으로 확정 불가
P1,A1_B3_P1_2022-05-24_IR1_00086,0,2,몰드변압기 접촉부,초소형(candidate),SUSPECT,정규화 면적 0.00183 < candidate_threshold 0.003,공식 임계값이 아니다. 식별 가능성 기준이므로 좌표만으로 확정 불가
P1,A1_B3_P1_2022-05-24_IR1_00086,4,2,몰드변압기 접촉부,초소형(candidate),SUSPECT,정규화 면적 0.00233 < candidate_threshold 0.003,공식 임계값이 아니다. 식별 가능성 기준이므로 좌표만으로 확정 불가
P1,A1_B3_P1_2022-05-24_IR1_00086,5,2,몰드변압기 접촉부,초소형(candidate),SUSPECT,정규화 면적 0.00201 < candidate_threshold 0.003,공식 임계값이 아니다. 식별 가능성 기준이므로 좌표만으로 확정 불가
P1,A1_B3_P1_2022-05-24_IR1_00087,0,2,몰드변압기 접촉부,초소형(candidate),SUSPECT,정규화 면적 0.00209 < candidate_threshold 0.003,공식 임계값이 아니다. 식별 가능성 기준이므로 좌표만으로 확정 불가
P1,A1_B3_P1_2022-05-24_IR1_00091,8,2,몰드변압기 접촉부,초소형(candidate),SUSPECT,정규화 면적 0.00172 < candidate_threshold 0.003,공식 임계값이 아니다. 식별 가능성 기준이므로 좌표만으로 확정 불가
P1,A1_B3_P1_2022-05-24_IR1_00093,7,2,몰드변압기 접촉부,초소형(candidate),SUSPECT,정규화 면적 0.00204 < candidate_threshold 0.003,공식 임계값이 아니다. 식별 가능성 기준이므로 좌표만으로 확정 불가
P1,A1_B3_P1_2022-05-24_IR1_00093,8,2,몰드변압기 접촉부,초소형(candidate),SUSPECT,정규화 면적 0.00116 < candidate_threshold 0.003,공식 임계값이 아니다. 식별 가능성 기준이므로 좌표만으로 확정 불가
P1,A1_B3_P1_2022-05-24_IR1_00095,3,2,몰드변압기 접촉부,초소형(candidate),SUSPECT,정규화 면적 0.00186 < candidate_threshold 0.003,공식 임계값이 아니다. 식별 가능성 기준이므로 좌표만으로 확정 불가
P1,A1_B3_P1_2022-05-24_IR1_00095,4,2,몰드변압기 접촉부,초소형(candidate),SUSPECT,정규화 면적 0.00178 < candidate_threshold 0.003,공식 임계값이 아니다. 식별 가능성 기준이므로 좌표만으로 확정 불가
P1,A1_B3_P1_2022-05-24_IR1_00096,2,2,몰드변압기 접촉부,초소형(candidate),SUSPECT,정규화 면적 0.00206 < candidate_threshold 0.003,공식 임계값이 아니다. 식별 가능성 기준이므로 좌표만으로 확정 불가
P1,A1_B3_P1_2022-05-24_IR1_00096,7,2,몰드변압기 접촉부,초소형(candidate),SUSPECT,정규화 면적 0.00242 < candidate_threshold 0.003,공식 임계값이 아니다. 식별 가능성 기준이므로 좌표만으로 확정 불가
P1,A1_B3_P1_2022-05-24_IR1_00100,6,2,몰드변압기 접촉부,초소형(candidate),SUSPECT,정규화 면적 0.00162 < candidate_threshold 0.003,공식 임계값이 아니다. 식별 가능성 기준이므로 좌표만으로 확정 불가
P1,A1_B3_P1_2022-05-24_IR1_00101,3,2,몰드변압기 접촉부,초소형(candidate),SUSPECT,정규화 면적 0.00282 < candidate_threshold 0.003,공식 임계값이 아니다. 식별 가능성 기준이므로 좌표만으로 확정 불가
P1,A1_B3_P1_2022-05-24_IR1_00103,1+2,2,몰드변압기 접촉부,같은 클래스 중복,FAIL,한 박스가 다른 박스를 완전히 포함한다 — 같은 인스턴스 이중 라벨,IoU 0.665
P1,A1_B3_P1_2022-05-24_IR1_00104,0,2,몰드변압기 접촉부,초소형(candidate),SUSPECT,정규화 면적 0.00144 < candidate_threshold 0.003,공식 임계값이 아니다. 식별 가능성 기준이므로 좌표만으로 확정 불가
P1,A1_B3_P1_2022-05-24_IR1_00104,3,2,몰드변압기 접촉부,초소형(candidate),SUSPECT,정규화 면적 0.00105 < candidate_threshold 0.003,공식 임계값이 아니다. 식별 가능성 기준이므로 좌표만으로 확정 불가
P1,A1_B3_P1_2022-05-24_IR1_00105,0,2,몰드변압기 접촉부,초소형(candidate),SUSPECT,정규화 면적 0.00122 < candidate_threshold 0.003,공식 임계값이 아니다. 식별 가능성 기준이므로 좌표만으로 확정 불가
P1,A1_B3_P1_2022-05-24_IR1_00106,0,2,몰드변압기 접촉부,초소형(candidate),SUSPECT,정규화 면적 0.00206 < candidate_threshold 0.003,공식 임계값이 아니다. 식별 가능성 기준이므로 좌표만으로 확정 불가
P1,A1_B3_P1_2022-05-24_IR1_00107,1,2,몰드변압기 접촉부,초소형(candidate),SUSPECT,정규화 면적 0.00206 < candidate_threshold 0.003,공식 임계값이 아니다. 식별 가능성 기준이므로 좌표만으로 확정 불가
P1,A1_B3_P1_2022-05-24_IR1_00107,2,2,몰드변압기 접촉부,초소형(candidate),SUSPECT,정규화 면적 0.00116 < candidate_threshold 0.003,공식 임계값이 아니다. 식별 가능성 기준이므로 좌표만으로 확정 불가
P1,A1_B3_P1_2022-05-24_IR1_00109,5,2,몰드변압기 접촉부,초소형(candidate),SUSPECT,정규화 면적 0.00138 < candidate_threshold 0.003,공식 임계값이 아니다. 식별 가능성 기준이므로 좌표만으로 확정 불가
P1,A1_B3_P1_2022-05-24_IR1_00117,0,2,몰드변압기 접촉부,초소형(candidate),SUSPECT,정규화 면적 0.00284 < candidate_threshold 0.003,공식 임계값이 아니다. 식별 가능성 기준이므로 좌표만으로 확정 불가
P1,A1_B3_P1_2022-05-24_IR1_00117,2,2,몰드변압기 접촉부,초소형(candidate),SUSPECT,정규화 면적 0.00282 < candidate_threshold 0.003,공식 임계값이 아니다. 식별 가능성 기준이므로 좌표만으로 확정 불가
P1,A1_B3_P1_2022-05-24_IR1_00117,4,2,몰드변압기 접촉부,초소형(candidate),SUSPECT,정규화 면적 0.00248 < candidate_threshold 0.003,공식 임계값이 아니다. 식별 가능성 기준이므로 좌표만으로 확정 불가
P1,A1_B3_P1_2022-05-24_IR1_00118,0,2,몰드변압기 접촉부,초소형(candidate),SUSPECT,정규화 면적 0.00269 < candidate_threshold 0.003,공식 임계값이 아니다. 식별 가능성 기준이므로 좌표만으로 확정 불가
P1,A1_B3_P1_2022-05-24_IR1_00118,1,2,몰드변압기 접촉부,초소형(candidate),SUSPECT,정규화 면적 0.00298 < candidate_threshold 0.003,공식 임계값이 아니다. 식별 가능성 기준이므로 좌표만으로 확정 불가
P1,A1_B3_P1_2022-05-24_IR1_00118,4,2,몰드변압기 접촉부,초소형(candidate),SUSPECT,정규화 면적 0.00276 < candidate_threshold 0.003,공식 임계값이 아니다. 식별 가능성 기준이므로 좌표만으로 확정 불가
P1,A2_B1_P1_2022-06-03_IR1_00043,4,2,몰드변압기 접촉부,초소형(candidate),SUSPECT,정규화 면적 0.00239 < candidate_threshold 0.003,공식 임계값이 아니다. 식별 가능성 기준이므로 좌표만으로 확정 불가
P1,A2_B1_P1_2022-06-03_IR1_00045,3,2,몰드변압기 접촉부,초소형(candidate),SUSPECT,정규화 면적 0.00263 < candidate_threshold 0.003,공식 임계값이 아니다. 식별 가능성 기준이므로 좌표만으로 확정 불가
P1,A2_B1_P1_2022-06-03_IR1_00045,4,2,몰드변압기 접촉부,초소형(candidate),SUSPECT,정규화 면적 0.00201 < candidate_threshold 0.003,공식 임계값이 아니다. 식별 가능성 기준이므로 좌표만으로 확정 불가
P1,A2_B1_P1_2022-06-03_IR1_00045,2+3,2,몰드변압기 접촉부,같은 클래스 중복,FAIL,한 박스가 다른 박스를 완전히 포함한다 — 같은 인스턴스 이중 라벨,IoU 0.505
P1,A2_B1_P1_2022-06-03_IR1_00065,4,2,몰드변압기 접촉부,초소형(candidate),SUSPECT,정규화 면적 0.00232 < candidate_threshold 0.003,공식 임계값이 아니다. 식별 가능성 기준이므로 좌표만으로 확정 불가
P1,A2_B1_P1_2022-06-03_IR1_00065,5,2,몰드변압기 접촉부,초소형(candidate),SUSPECT,정규화 면적 0.00234 < candidate_threshold 0.003,공식 임계값이 아니다. 식별 가능성 기준이므로 좌표만으로 확정 불가
P1,A2_B1_P1_2022-06-03_IR1_00065,6,2,몰드변압기 접촉부,초소형(candidate),SUSPECT,정규화 면적 0.00280 < candidate_threshold 0.003,공식 임계값이 아니다. 식별 가능성 기준이므로 좌표만으로 확정 불가
P1,A2_B1_P1_2022-06-03_IR1_00080,2,2,몰드변압기 접촉부,초소형(candidate),SUSPECT,정규화 면적 0.00272 < candidate_threshold 0.003,공식 임계값이 아니다. 식별 가능성 기준이므로 좌표만으로 확정 불가
P1,A2_B1_P1_2022-06-03_IR1_00080,4,2,몰드변압기 접촉부,초소형(candidate),SUSPECT,정규화 면적 0.00265 < candidate_threshold 0.003,공식 임계값이 아니다. 식별 가능성 기준이므로 좌표만으로 확정 불가
P1,A2_B1_P1_2022-06-03_IR1_00080,5,2,몰드변압기 접촉부,초소형(candidate),SUSPECT,정규화 면적 0.00255 < candidate_threshold 0.003,공식 임계값이 아니다. 식별 가능성 기준이므로 좌표만으로 확정 불가
P1,A2_B1_P1_2022-06-03_IR1_00081,0,1,에폭시 표면,초소형(candidate),SUSPECT,정규화 면적 0.00211 < candidate_threshold 0.003,공식 임계값이 아니다. 식별 가능성 기준이므로 좌표만으로 확정 불가
P1,A2_B1_P1_2022-06-03_IR1_00082,1,2,몰드변압기 접촉부,초소형(candidate),SUSPECT,정규화 면적 0.00145 < candidate_threshold 0.003,공식 임계값이 아니다. 식별 가능성 기준이므로 좌표만으로 확정 불가
P1,A2_B1_P1_2022-06-03_IR1_00113,3,2,몰드변압기 접촉부,초소형(candidate),SUSPECT,정규화 면적 0.00289 < candidate_threshold 0.003,공식 임계값이 아니다. 식별 가능성 기준이므로 좌표만으로 확정 불가
P1,A2_B1_P1_2022-06-03_IR1_00118,2,2,몰드변압기 접촉부,초소형(candidate),SUSPECT,정규화 면적 0.00130 < candidate_threshold 0.003,공식 임계값이 아니다. 식별 가능성 기준이므로 좌표만으로 확정 불가
P1,A2_B1_P1_2022-06-03_IR1_00125,2,2,몰드변압기 접촉부,초소형(candidate),SUSPECT,정규화 면적 0.00247 < candidate_threshold 0.003,공식 임계값이 아니다. 식별 가능성 기준이므로 좌표만으로 확정 불가
P1,A2_B1_P1_2022-06-03_IR1_00128,0,2,몰드변압기 접촉부,초소형(candidate),SUSPECT,정규화 면적 0.00169 < candidate_threshold 0.003,공식 임계값이 아니다. 식별 가능성 기준이므로 좌표만으로 확정 불가
P1,A2_B1_P1_2022-06-03_IR1_00138,1+5,2,몰드변압기 접촉부,같은 클래스 중복,FAIL,한 박스가 다른 박스를 완전히 포함한다 — 같은 인스턴스 이중 라벨,IoU 0.502
P1,A2_B1_P1_2022-06-03_IR1_00139,1,2,몰드변압기 접촉부,초소형(candidate),SUSPECT,정규화 면적 0.00254 < candidate_threshold 0.003,공식 임계값이 아니다. 식별 가능성 기준이므로 좌표만으로 확정 불가
P1,A2_B1_P1_2022-06-03_IR1_00139,6,2,몰드변압기 접촉부,초소형(candidate),SUSPECT,정규화 면적 0.00271 < candidate_threshold 0.003,공식 임계값이 아니다. 식별 가능성 기준이므로 좌표만으로 확정 불가
P1,A2_B1_P1_2022-06-03_IR1_00140,4,2,몰드변압기 접촉부,초소형(candidate),SUSPECT,정규화 면적 0.00241 < candidate_threshold 0.003,공식 임계값이 아니다. 식별 가능성 기준이므로 좌표만으로 확정 불가
P1,A2_B1_P1_2022-06-03_IR1_00141,3,2,몰드변압기 접촉부,초소형(candidate),SUSPECT,정규화 면적 0.00283 < candidate_threshold 0.003,공식 임계값이 아니다. 식별 가능성 기준이므로 좌표만으로 확정 불가
P1,A2_B1_P1_2022-06-03_IR1_00141,4,2,몰드변압기 접촉부,초소형(candidate),SUSPECT,정규화 면적 0.00289 < candidate_threshold 0.003,공식 임계값이 아니다. 식별 가능성 기준이므로 좌표만으로 확정 불가
P1,A2_B1_P1_2022-06-03_IR1_00142,0,2,몰드변압기 접촉부,초소형(candidate),SUSPECT,정규화 면적 0.00265 < candidate_threshold 0.003,공식 임계값이 아니다. 식별 가능성 기준이므로 좌표만으로 확정 불가
P1,A2_B1_P1_2022-06-03_IR1_00143,1,2,몰드변압기 접촉부,초소형(candidate),SUSPECT,정규화 면적 0.00166 < candidate_threshold 0.003,공식 임계값이 아니다. 식별 가능성 기준이므로 좌표만으로 확정 불가
P1,A2_B1_P1_2022-06-03_IR1_00146,3,2,몰드변압기 접촉부,초소형(candidate),SUSPECT,정규화 면적 0.00266 < candidate_threshold 0.003,공식 임계값이 아니다. 식별 가능성 기준이므로 좌표만으로 확정 불가
P1,A2_B1_P1_2022-06-03_IR1_00147,3,2,몰드변압기 접촉부,초소형(candidate),SUSPECT,정규화 면적 0.00272 < candidate_threshold 0.003,공식 임계값이 아니다. 식별 가능성 기준이므로 좌표만으로 확정 불가
P1,A2_B1_P1_2022-06-03_IR1_00148,5,2,몰드변압기 접촉부,초소형(candidate),SUSPECT,정규화 면적 0.00273 < candidate_threshold 0.003,공식 임계값이 아니다. 식별 가능성 기준이므로 좌표만으로 확정 불가
P1,A2_B1_P1_2022-06-03_IR1_00148,6,2,몰드변압기 접촉부,초소형(candidate),SUSPECT,정규화 면적 0.00289 < candidate_threshold 0.003,공식 임계값이 아니다. 식별 가능성 기준이므로 좌표만으로 확정 불가
P1,A2_B1_P1_2022-06-03_IR1_00149,3,2,몰드변압기 접촉부,초소형(candidate),SUSPECT,정규화 면적 0.00291 < candidate_threshold 0.003,공식 임계값이 아니다. 식별 가능성 기준이므로 좌표만으로 확정 불가
P1,A2_B1_P1_2022-06-03_IR1_00150,0+5,2,몰드변압기 접촉부,같은 클래스 중복,FAIL,한 박스가 다른 박스를 완전히 포함한다 — 같은 인스턴스 이중 라벨,IoU 0.685
P1,A2_B1_P1_2022-06-03_IR1_00158,0,2,몰드변압기 접촉부,초소형(candidate),SUSPECT,정규화 면적 0.00267 < candidate_threshold 0.003,공식 임계값이 아니다. 식별 가능성 기준이므로 좌표만으로 확정 불가
P1,A2_B1_P1_2022-06-03_IR1_00158,5,2,몰드변압기 접촉부,초소형(candidate),SUSPECT,정규화 면적 0.00261 < candidate_threshold 0.003,공식 임계값이 아니다. 식별 가능성 기준이므로 좌표만으로 확정 불가
P1,A2_B1_P1_2022-06-03_IR1_00159,0,2,몰드변압기 접촉부,초소형(candidate),SUSPECT,정규화 면적 0.00298 < candidate_threshold 0.003,공식 임계값이 아니다. 식별 가능성 기준이므로 좌표만으로 확정 불가
P1,A3_B2_P1_2022-06-17_IR1_00006,0+2,2,몰드변압기 접촉부,같은 클래스 중복,FAIL,한 박스가 다른 박스를 완전히 포함한다 — 같은 인스턴스 이중 라벨,IoU 0.670
P1,A3_B2_P1_2022-06-17_IR1_00007,1,2,몰드변압기 접촉부,초소형(candidate),SUSPECT,정규화 면적 0.00191 < candidate_threshold 0.003,공식 임계값이 아니다. 식별 가능성 기준이므로 좌표만으로 확정 불가
P1,A3_B3_P1_2022-06-17_IR1_00002,3,2,몰드변압기 접촉부,초소형(candidate),SUSPECT,정규화 면적 0.00191 < candidate_threshold 0.003,공식 임계값이 아니다. 식별 가능성 기준이므로 좌표만으로 확정 불가
P1,A3_B3_P1_2022-06-17_IR1_00026,3+4,2,몰드변압기 접촉부,같은 클래스 중복,FAIL,한 박스가 다른 박스를 완전히 포함한다 — 같은 인스턴스 이중 라벨,IoU 0.647
P1,A3_B3_P1_2022-06-17_IR1_00053,0+2,1,에폭시 표면,같은 클래스 중복,FAIL,한 박스가 다른 박스를 완전히 포함한다 — 같은 인스턴스 이중 라벨,IoU 0.177
P1,A3_B3_P1_2022-06-17_IR1_00062,2,2,몰드변압기 접촉부,초소형(candidate),SUSPECT,정규화 면적 0.00141 < candidate_threshold 0.003,공식 임계값이 아니다. 식별 가능성 기준이므로 좌표만으로 확정 불가
P1,A3_B3_P1_2022-06-17_IR1_00062,1+4,2,몰드변압기 접촉부,같은 클래스 중복,FAIL,한 박스가 다른 박스를 완전히 포함한다 — 같은 인스턴스 이중 라벨,IoU 0.663
P1,A3_B3_P1_2022-06-17_IR1_00083,1+2,0,철심부,같은 클래스 중복,FAIL,한 박스가 다른 박스를 완전히 포함한다 — 같은 인스턴스 이중 라벨,IoU 0.522
P1,A3_B4_P1_2022-06-17_IR1_00020,0,2,몰드변압기 접촉부,초소형(candidate),SUSPECT,정규화 면적 0.00280 < candidate_threshold 0.003,공식 임계값이 아니다. 식별 가능성 기준이므로 좌표만으로 확정 불가
P1,A3_B4_P1_2022-06-17_IR1_00020,7,2,몰드변압기 접촉부,초소형(candidate),SUSPECT,정규화 면적 0.00258 < candidate_threshold 0.003,공식 임계값이 아니다. 식별 가능성 기준이므로 좌표만으로 확정 불가
P1,A3_B4_P1_2022-06-17_IR1_00020,0+4,2,몰드변압기 접촉부,같은 클래스 중복,FAIL,한 박스가 다른 박스를 완전히 포함한다 — 같은 인스턴스 이중 라벨,IoU 0.196
P1,A3_B4_P1_2022-06-17_IR1_00020,6+7,2,몰드변압기 접촉부,같은 클래스 중복,FAIL,한 박스가 다른 박스를 완전히 포함한다 — 같은 인스턴스 이중 라벨,IoU 0.158
P1,A3_B4_P1_2022-06-17_IR1_00020,6+8,2,몰드변압기 접촉부,같은 클래스 중복,FAIL,한 박스가 다른 박스를 완전히 포함한다 — 같은 인스턴스 이중 라벨,IoU 0.251
P1,A3_B4_P1_2022-06-17_IR1_00020,7+8,2,몰드변압기 접촉부,같은 클래스 중복,FAIL,한 박스가 다른 박스를 완전히 포함한다 — 같은 인스턴스 이중 라벨,IoU 0.630
P1,A3_B4_P1_2022-06-17_IR1_00024,0+2,0,철심부,같은 클래스 중복,SUSPECT,같은 클래스 IoU 0.615 — 같은 인스턴스인지 좌표만으로 확정 불가,나란한 동종 부품이 겹쳐 보이는 경우일 수 있다
P1,A3_B4_P1_2022-06-17_IR1_00063,0,2,몰드변압기 접촉부,초소형(candidate),SUSPECT,정규화 면적 0.00230 < candidate_threshold 0.003,공식 임계값이 아니다. 식별 가능성 기준이므로 좌표만으로 확정 불가
P1,A3_B4_P1_2022-06-17_IR1_00063,1,2,몰드변압기 접촉부,초소형(candidate),SUSPECT,정규화 면적 0.00227 < candidate_threshold 0.003,공식 임계값이 아니다. 식별 가능성 기준이므로 좌표만으로 확정 불가
P1,A3_B4_P1_2022-06-17_IR1_00063,8,2,몰드변압기 접촉부,초소형(candidate),SUSPECT,정규화 면적 0.00177 < candidate_threshold 0.003,공식 임계값이 아니다. 식별 가능성 기준이므로 좌표만으로 확정 불가
P1,A3_B4_P1_2022-06-17_IR1_00063,9,2,몰드변압기 접촉부,초소형(candidate),SUSPECT,정규화 면적 0.00217 < candidate_threshold 0.003,공식 임계값이 아니다. 식별 가능성 기준이므로 좌표만으로 확정 불가
P1,A3_B4_P1_2022-06-17_IR1_00082,1+2,2,몰드변압기 접촉부,같은 클래스 중복,FAIL,한 박스가 다른 박스를 완전히 포함한다 — 같은 인스턴스 이중 라벨,IoU 0.527
P1,A3_B4_P1_2022-06-17_IR1_00085,3,2,몰드변압기 접촉부,초소형(candidate),SUSPECT,정규화 면적 0.00147 < candidate_threshold 0.003,공식 임계값이 아니다. 식별 가능성 기준이므로 좌표만으로 확정 불가
P1,A3_B4_P1_2022-06-17_IR1_00085,4,2,몰드변압기 접촉부,초소형(candidate),SUSPECT,정규화 면적 0.00146 < candidate_threshold 0.003,공식 임계값이 아니다. 식별 가능성 기준이므로 좌표만으로 확정 불가
P3,A2_B1_P3_2022-06-03_IR1_00001,0,24,변류기 접촉부,초소형(candidate),SUSPECT,정규화 면적 0.00090 < candidate_threshold 0.003,공식 임계값이 아니다. 식별 가능성 기준이므로 좌표만으로 확정 불가
P3,A2_B1_P3_2022-06-03_IR1_00001,1,24,변류기 접촉부,초소형(candidate),SUSPECT,정규화 면적 0.00086 < candidate_threshold 0.003,공식 임계값이 아니다. 식별 가능성 기준이므로 좌표만으로 확정 불가
P3,A2_B1_P3_2022-06-03_IR1_00001,3,24,변류기 접촉부,초소형(candidate),SUSPECT,정규화 면적 0.00086 < candidate_threshold 0.003,공식 임계값이 아니다. 식별 가능성 기준이므로 좌표만으로 확정 불가
P3,A2_B1_P3_2022-06-03_IR1_00002,0,24,변류기 접촉부,초소형(candidate),SUSPECT,정규화 면적 0.00276 < candidate_threshold 0.003,공식 임계값이 아니다. 식별 가능성 기준이므로 좌표만으로 확정 불가
P3,A2_B1_P3_2022-06-03_IR1_00002,3,24,변류기 접촉부,초소형(candidate),SUSPECT,정규화 면적 0.00238 < candidate_threshold 0.003,공식 임계값이 아니다. 식별 가능성 기준이므로 좌표만으로 확정 불가
P3,A2_B1_P3_2022-06-03_IR1_00002,5,24,변류기 접촉부,초소형(candidate),SUSPECT,정규화 면적 0.00122 < candidate_threshold 0.003,공식 임계값이 아니다. 식별 가능성 기준이므로 좌표만으로 확정 불가
P3,A2_B1_P3_2022-06-03_IR1_00003,0,24,변류기 접촉부,초소형(candidate),SUSPECT,정규화 면적 0.00189 < candidate_threshold 0.003,공식 임계값이 아니다. 식별 가능성 기준이므로 좌표만으로 확정 불가
P3,A2_B1_P3_2022-06-03_IR1_00003,2,24,변류기 접촉부,초소형(candidate),SUSPECT,정규화 면적 0.00182 < candidate_threshold 0.003,공식 임계값이 아니다. 식별 가능성 기준이므로 좌표만으로 확정 불가
P3,A2_B1_P3_2022-06-03_IR1_00021,1,24,변류기 접촉부,초소형(candidate),SUSPECT,정규화 면적 0.00276 < candidate_threshold 0.003,공식 임계값이 아니다. 식별 가능성 기준이므로 좌표만으로 확정 불가
P3,A2_B1_P3_2022-06-03_IR1_00043,0,24,변류기 접촉부,초소형(candidate),SUSPECT,정규화 면적 0.00189 < candidate_threshold 0.003,공식 임계값이 아니다. 식별 가능성 기준이므로 좌표만으로 확정 불가
P4,A1_B1_P4_2022-05-12_IR1_00001,4,7,변압기,잘림 30% 규칙,UNDETERMINABLE,프레임 2변 접촉 — 원래 면적을 알 수 없어 30% 판정 불가,bottom left
P4,A1_B1_P4_2022-05-12_IR1_00015,0,8,변류기,잘림 30% 규칙,UNDETERMINABLE,프레임 2변 접촉 — 원래 면적을 알 수 없어 30% 판정 불가,bottom left
P4,A1_B1_P4_2022-05-12_IR1_00021,1,8,변류기,잘림 30% 규칙,UNDETERMINABLE,프레임 2변 접촉 — 원래 면적을 알 수 없어 30% 판정 불가,bottom left
P4,A1_B1_P4_2022-05-12_IR1_00024,0,8,변류기,잘림 30% 규칙,UNDETERMINABLE,프레임 2변 접촉 — 원래 면적을 알 수 없어 30% 판정 불가,bottom left
P4,A1_B1_P4_2022-05-12_IR1_00025,0,8,변류기,잘림 30% 규칙,UNDETERMINABLE,프레임 2변 접촉 — 원래 면적을 알 수 없어 30% 판정 불가,bottom left
P4,A1_B1_P4_2022-05-12_IR1_00041,1,8,변류기,잘림 30% 규칙,UNDETERMINABLE,프레임 2변 접촉 — 원래 면적을 알 수 없어 30% 판정 불가,bottom left
P4,A1_B1_P4_2022-05-12_IR1_00042,1,8,변류기,잘림 30% 규칙,UNDETERMINABLE,프레임 2변 접촉 — 원래 면적을 알 수 없어 30% 판정 불가,bottom left
P4,A1_B1_P4_2022-05-12_IR1_00046,2,8,변류기,잘림 30% 규칙,UNDETERMINABLE,프레임 2변 접촉 — 원래 면적을 알 수 없어 30% 판정 불가,bottom left
P4,A1_B1_P4_2022-05-12_IR1_00106,0,8,변류기,잘림 30% 규칙,UNDETERMINABLE,프레임 2변 접촉 — 원래 면적을 알 수 없어 30% 판정 불가,bottom left
P4,A1_B1_P4_2022-05-12_IR1_00106,0+1,8,변류기,같은 클래스 중복,SUSPECT,같은 클래스 IoU 0.614 — 같은 인스턴스인지 좌표만으로 확정 불가,나란한 동종 부품이 겹쳐 보이는 경우일 수 있다
P4,A1_B1_P4_2022-05-12_IR1_00108,1,8,변류기,잘림 30% 규칙,UNDETERMINABLE,프레임 2변 접촉 — 원래 면적을 알 수 없어 30% 판정 불가,bottom left
P4,A1_B1_P4_2022-05-12_IR1_00111,1,8,변류기,잘림 30% 규칙,UNDETERMINABLE,프레임 2변 접촉 — 원래 면적을 알 수 없어 30% 판정 불가,bottom left
P4,A1_B1_P4_2022-06-03_IR1_00042,0,8,변류기,잘림 30% 규칙,UNDETERMINABLE,프레임 2변 접촉 — 원래 면적을 알 수 없어 30% 판정 불가,bottom left
P4,A1_B1_P4_2022-06-03_IR1_00052,1,8,변류기,잘림 30% 규칙,UNDETERMINABLE,프레임 2변 접촉 — 원래 면적을 알 수 없어 30% 판정 불가,bottom left
P4,A1_B1_P4_2022-06-03_IR1_00053,0,8,변류기,잘림 30% 규칙,UNDETERMINABLE,프레임 2변 접촉 — 원래 면적을 알 수 없어 30% 판정 불가,bottom left
P4,A1_B1_P4_2022-06-03_IR1_00055,0,8,변류기,잘림 30% 규칙,UNDETERMINABLE,프레임 2변 접촉 — 원래 면적을 알 수 없어 30% 판정 불가,bottom left
P4,A1_B1_P4_2022-06-17_IR1_00005,1,9,비한류형 전력퓨즈,초소형(candidate),SUSPECT,정규화 면적 0.00278 < candidate_threshold 0.003,공식 임계값이 아니다. 식별 가능성 기준이므로 좌표만으로 확정 불가
P4,A1_B1_P4_2022-06-17_IR1_00020,0,8,변류기,잘림 30% 규칙,UNDETERMINABLE,프레임 2변 접촉 — 원래 면적을 알 수 없어 30% 판정 불가,bottom left
P4,A1_B1_P4_2022-06-17_IR1_00024,0,8,변류기,잘림 30% 규칙,UNDETERMINABLE,프레임 2변 접촉 — 원래 면적을 알 수 없어 30% 판정 불가,bottom left
