id,topic,question,why_it_matters,evidence,findings,blocking_step,owner,impact,blocks_current_labeling,status
OQ-001,반-클래스 매핑,P3-MOF반의 후보 클래스를 MOF&PT 반 기준(PT 제외) 5종으로 확정해도 되는가,가이드에 P3 단독 상세가 없어 잠정 배정 상태다,reports/decisions/DEC-009 · experiments/dedup/oq_probe/P3_rep_0.png · migration_verification.csv · oq001_mof_visual_separability.md · annotator_A skip_log,"기존 라벨 227박스 대조 결과 변류기 49 / 변류기 접촉부 178 이고 변압기·비한류형 전력퓨즈·변압기 접촉부는 0건. 대조군 P4 는 비한류형 전력퓨즈 191개. 대표 층화표본 14장에서는 MOF 함체가 지배적. 다만 MOF 는 PT 와 CT 가 한 함체에 통합된 기기라 열화상에서 내부를 나눠 볼 수 없다. 기존 라벨 표본이 66장뿐이라 부재의 증거는 아니다. 선택지 3안은 DEC-009 참조 | [실증 2026-08-31] 1차 시험에서 라벨러가 실제로 막혔다 — 30장 중 Skip 12장의 9장이 MOF 계열(P4 7 · P3 2)이고 사유 other 8건이 전부 '변압기/변류기 구분 기준이 모호함'. 육안 확인 결과 **열화상 외형으로는 구분 불가**(MOF 는 PT·CT 통합 함체라 시각적 특징이 없다). 정본에서도 그 구분은 이루어지지 않았다 — 본체 변류기 189 vs 변압기 1(99.5%), 접촉부 219 vs 3(98.6%), P3 는 변압기 계열 0건. RGB 우회도 불가(P3 3.7% · P4 8.0%만 페어 보유). 라벨러가 못 하는 구분은 모델도 못 한다. 선택지 A~D 와 권고는 reports/data_audit/oq001_mof_visual_separability.md | DEC-021 결정: P3 에서 변압기 계열을 독립 라벨 대상으로 강제하지 않는다. '변류기로 통일'이 아니라 '라벨링하지 않는다' — 구분 불가능한 물체를 두 클래스 중 하나에 밀어넣지 않는다. 물리적 부재가 아니라 식별 불가에 따른 annotation 정책. 근거 3층: ①현장 담당자 의견(몰드PT 일반·오일PT 드묾) ②P3 정본 227박스 중 변압기 계열 0건 ③시험에서 P3 3장 전부가 이 문제에 걸림(2장 Skip · 1장은 후보 밖 클래스). P4 는 실제 라벨 차이(변압기 1·접촉부 3)가 있어 적용하지 않는다. 클래스 28개 무변경 — 반별 후보 정책만 변경 | [분리 2026-08-31] 이 문제는 NQ-12(작은 객체 하한)와 **다른 실패 모드**다. OQ-001 은 객체의 종류·의미를 구분할 수 있는가이고, NQ-12 는 종류는 알겠는데 크기가 라벨 가능한가이다. 교수님 보고에서 둘을 합치지 않는다",-,DEC-021,seed_composition,-,닫힘
OQ-002,반-클래스 매핑,P8-ACB반 5513장의 라벨 대상이 0종이다. 어떤 클래스를 후보에 추가할지 반 전체를 범위에서 뺄지,가이드 기준 ACB 접촉부는 제외 항목이라 라벨할 것이 없다,experiments/dedup/oq_probe/P8_sample_0~2.png (19개 세션에서 38장 층화표본),DEC-009 결정: 가이드 8 기준을 그대로 적용해 P10 과 동일 후보(콘덴서/MCCB/MCCB 접촉부/ACB 접촉부)를 쓴다. 클래스 스키마는 확장하지 않았다. 라벨 가능 클래스 0종 -> 3종,-,DEC-009,-,-,닫힘
OQ-003,클래스 데이터 확보,케이블헤드(#14) 인스턴스를 P2·P6만으로 충분히 확보할 수 있는가,주 출처였던 P11-CNCV반이 삭제됐고 기존 라벨은 0건이다,experiments/dedup/oq_probe/P2-LBSLA_rgb_0.png · P6-VCB_rgb_0~1.png,"DEC-009 결정: 케이블헤드(#14) 라벨링 대상 유지. P2 에 다수, P6 에도 실물 인스턴스 확인. P11 복구 불필요",-,DEC-009,-,-,닫힘
OQ-004,클래스 데이터 확보,SA(#17) 인스턴스를 P6-VCB반에서 확보할 수 있는가,v2 신규 항목이라 기존 라벨이 0건이며 P6 외에 후보 반이 없다,experiments/dedup/oq_probe/P6-VCB_rgb_0~1.png,DEC-009 결정: HOLD. P6 에서 가이드 기술과 일치하는 후보 개체 확인. 다만 P2 의 LA(#07)와 외형이 유사해 육안 확정 불가. STEP 10 후보 클래스로는 포함하되 표시를 유지한다,최종 라벨링 기준 확정,전문가 확인,labeling_rules,NO,열림(HOLD)
OQ-005,라벨링 규칙,잘림 30% 기준을 라벨러가 눈으로 추정할 때 편차를 어떻게 줄이는가,분모가 화면 좌표가 아니라 부품의 원래 면적이라 자동 계산식이 없다,schemas/labeling_rules.py VISIBLE_AREA_MIN · DEC-007,"측정으로 해소 예정 | [실증 2026-08-31] 잘림 판단 자체는 이번 사례에서 **결정 요인이 아니었다.** A 가 그리지 않은 상단 프레임 접촉 6건은 잘림 조건이 전부 동일(y0=0)한데 판정이 갈렸고, 갈린 축은 면적이었다(0.00258 이하는 빼기 · 0.00459는 그리기). 즉 작업자는 '몇 % 잘렸나'보다 '알아볼 만한 크기인가'로 먼저 판단했다. 잘림 30% 규칙의 라벨러 간 편차는 여전히 미측정 — 2명 이상 필요",STEP 12 일치도 검증,측정으로 해소,labeling_rules,NO,열림
OQ-006,라벨링 규칙,경계 규격서의 미확정 항목(접촉부 7종 단위·엘보·베이스 취부)을 어떻게 확정할 것인가,"규격서 5개 항목 중 18/25 클래스는 배포 가능하나, 라벨 실적이 없는 접촉부 7종과 전문가 확인 항목 2건은 여전히 비어 있다. 비운 채 배포하면 라벨러마다 다르게 판단한다",reports/labeling/bounding_box_boundary_spec.md · DEC-012~014,규격서 5개 항목 작성 (bounding_box_boundary_spec.md). 배포 가능: 케이블헤드 / 몰드변압기·변류기 접촉부 / MCCB 접촉부 / 잘림 / 중첩 / 작은객체(식별가능성). 배포 불가: 접촉부 7종(라벨 실적 0). 클래스별 annotation_unit 을 코드에 도입 (18/25 확정),STEP 11 시드셋 구성 착수 전,사람 작성,labeling_rules,NO,부분 확정 · 잔여 항목 대기
OQ-007,시드셋 설계,시드셋에서 IR1(RGB 페어 보유)을 얼마나 과대표집할지,IR1은 전체의 2.4%지만 페어율 99.7%로 교차 검증 가치가 크다,reports/decisions/DEC-010 · data/labeling/seed/seed_candidates.csv,STEP 10 에서는 층별 최원점 선택의 시작점 우선권만 부여했다. 결과 400장 중 IR1 36장 / RGB 페어 보유 44장. 과대표집 비율은 여전히 미결정,STEP 11 시드셋 구성,사람 판정,seed_composition,NO,열림
OQ-008,데이터 편중,P1-TR반이 전체의 42.9%다. 중복 제거 후에도 편중이 남으면 표본 상한을 걸 것인가,IR2·IR3 고정촬영분이 대부분이라 근접 중복률이 높을 것으로 보였다,reports/data_audit/dedup_summary.csv · DEC-008,STEP 08 결과: P1 축소율 65.6%로 다른 반과 비슷해 편중이 그대로 남았다. 독립 이미지 38957장 중 P1이 15746장(40.4%)으로 여전히 최대. 카메라별로는 IR1 축소 6.6% / IR2 72.2% / IR3 56.8%로 성격이 갈린다. 시드 표집에서 반과 카메라를 층으로 잡아야 한다 | STEP 10 조치: 비례 배분 대신 클래스 수요 역산으로 P1 비중을 40.4%에서 7.5%로 낮췄다 (DEC-010),-,DEC-010,-,-,닫힘
OQ-009,기존 라벨 품질,승계한 4177개 박스의 경계 품질을 재검수할 것인가,승계는 class id 변환만 검증했고 박스 품질 자체는 확인하지 않았다,DEC-016 · canonical_audit_summary/detail/class_audit.csv · experiments/data_audit/canonical/,"DEC-016 감사 완료(READ-ONLY). 제외 클래스·반 후보 클래스 위반 0건. 명백한 위반은 같은 클래스 중복 20건(0.48%)이며 전부 P1. CONTACT_POINT 2종은 규격과 일치(장당 중앙 3개). 초소형 candidate 238건은 공식 임계값이 없어 위반으로 세지 않음. 잘림 30%는 좌표만으로 전량 판정 불가(1,207건)",STEP 12 일치도 검증,사람 판정,canonical_label_quality,NO,감사완료·처리방침 대기
OQ-010,데이터 특성,열화상에 구워진 FLIR OSD(온도수치·컬러바·타임스탬프·측정박스)를 라벨링·학습에서 어떻게 다룰 것인가,OSD가 프레임의 상당 부분을 고정 위치로 덮고 있어 부품을 가리거나 박스 경계와 겹칠 수 있다,experiments/dedup/osd_heatmap.png · experiments/dedup/osd_mask_check.png · reports/data_audit/osd_overlap_measurement.md · osd_overlap_sweep.csv,"[정정] 기존에 기록한 OSD 영역 목록(네 귀퉁이)은 틀렸다. 마스크를 그려 확인하니 화면 중앙을 가로지르는 선은 오탐이 아니라 FLIR 측정영역 박스 테두리였다 (실측 x 0.106~0.884 · y 0.150~0.833). 테두리를 영역에 추가하자 모든 임계값에서 빈도 마스크의 100%가 OSD 영역 안에 들어왔다. 즉 OSD 는 가장자리에만 있지 않고 장면 한가운데를 지나간다. | 중첩 측정(정본 4,177박스/1,007장, 임계 0.30): OSD 픽셀이 하나라도 든 박스 2,994(71.7%)이지만 면적 5% 초과 49 · 10% 초과 8 · 25% 초과 0. 71.7%를 '오염률'로 읽으면 안 된다 — 큰 박스를 얇은 선이 스친 것이 대부분이다. 면적을 잃는 쪽은 접촉부 계열 작은 박스이고 최대 20.6%. 5% 초과 49박스는 전부 IR1 인데, 이는 카메라 특성이 아니라 정본 라벨 자체가 전부 IR1 이기 때문이다(OQ-017). IR2/IR3 의 OSD 중첩은 라벨이 없어 측정하지 못했다. | 한계: 빈도맵 표본 600장, 해상도 동일성 미확인(UNKNOWN), 온도정보 파괴 여부 미확인. 마스킹 여부·임계값·49박스 처리는 결정하지 않았다 | [잠정정책 2026-08-28 · DEC-019] OSD 마스킹은 보류(NO_MASKING). 면적 손실 5% 초과가 49박스(1.2%)·최대 20.6%로 작고, 1차 목표가 객체 라벨링이라 전처리를 먼저 고정할 이유가 없다. 71.7%는 오염률이 아니다. 마스킹 여부·임계값·49박스 처리는 여전히 미결정 | [정정 2026-08-31] 시험에서 '컬러바에 가려짐'으로 분류했던 3건은 확대 확인 결과 **OSD 가 가린 것이 아니었다.** 선언된 '우측 컬러바' 영역이 x>=0.8375 로 실제 컬러바(x>=0.955)보다 훨씬 넓어 좌표만으로 오분류한 것이다. 해당 박스들은 컬러바 왼쪽에서 부품이 그대로 보이며 사람 판정도 '그려야 함'이었다. **선언된 OSD 영역은 후보 영역이지 가림 증거가 아니다** — 중첩 측정치를 읽을 때 같은 주의가 필요하다",STEP 11 시드셋 구성,사람 판정,preprocessing_and_model_input,NO,조사완료·판정대기
OQ-011,반-클래스 매핑,P9-MCCB반 후보 2종(MCCB / MCCB 접촉부)을 확정해도 되는가,가이드에 P9 단독 상세가 없어 잠정 배정 상태이며 기존 라벨 실적이 0건이다,experiments/dedup/oq_probe/P9_rep_0~1.png (37개 세션x카메라 조합에서 74장 층화표본),MCCB 가 조밀하게 배열된 배전반이 지배적이며 잠정 후보와 부합. 다만 육안 확인일 뿐 기존 라벨 실적이 없어 P3 만큼의 근거는 없다,STEP 11 시드셋 구성,사람 판정,seed_composition,NO,열림
OQ-012,시드셋 설계,후보 클래스가 미확정인 잠정 반(P3·P9)에 시드 할당 하한을 둘 것인가,P3 는 후보 5종이 전부 P4 에도 있어 클래스 수요 역산에서 최저 할당(15장)을 받았다. 검증이 가장 필요한 반이 표본을 가장 적게 받는 구조다,reports/data_audit/seed_allocation.csv · DEC-010,설계를 바꾸지 않고 사실만 기록했다. 표집 설계 변경은 사람 판단,STEP 11 시드셋 확정,사람 판정,seed_composition,NO,열림
OQ-013,정본 라벨 품질,정본의 같은 클래스 중복 20건을 어떻게 처리할 것인가 (수정 / 격리 / 유지),그대로 두면 학습에서 같은 인스턴스가 두 번 세어져 지표가 왜곡된다. 다만 정본 수정은 되돌리기 어렵다,DEC-017 · data/labeling/quarantine/canonical_quarantine.csv,"DEC-017 처리: QUARANTINE_PENDING_REVIEW. 정본 파일은 수정하지 않고 격리 목록에만 등재. 20쌍 40행(고유 박스 37 = 정본의 0.89%), 17장, 전부 P1. 두 박스를 모두 등재했다 — 어느 쪽이 옳은지 모르므로 한쪽만 고르지 않는다. 학습셋 구축 시 load_quarantine() 이 걸러 낸다. 학습 대상 박스 4,140 | DEC-022 판정 완료(REV-003): 20쌍 육안 판정 — 큰쪽_유지 11 · 작은쪽_유지 8 · 둘다_제외 1 · **둘다_유효(감사 오탐) 0건**. 격리 고유 박스 37 중 해제 18 · 제외확정 19. 학습 대상 4,177 -> 4,158. 정본 파일은 수정하지 않고 격리 목록 status 에만 기재. 발견: 면적비 1.5 가 분기점 — >=1.5 는 큰쪽(9/10), <1.5 는 작은쪽(8/10), 18/20 일치. 17/20 이 CONTACT_POINT 단위 클래스(몰드변압기 접촉부)에 몰려 있다",-,DEC-022,canonical_label_quality,-,닫힘
OQ-014,정본 라벨 품질,프레임 2변 이상 접촉 17건이 잘림 30% 규칙을 어겼는가,좌표만으로는 원래 면적을 알 수 없어 판정이 불가능하다. 사람이 이미지를 봐야 한다,DEC-016 D항 · canonical_audit_detail.csv audit_rule=잘림 30% 규칙,"2변 이상 접촉 17건을 개별 지적 사항으로 기록했다. 1변 접촉 1,207건(28.9%)은 규격상 정상 범위",-,사람 확인,canonical_label_quality,NO,열림
OQ-015,학습셋 분할,train/val/test 비율 70/15/15 를 확정해도 되는가,프로젝트 문서 어디에도 비율 지정이 없다. 관례값을 근거처럼 쓰면 검증에서 답할 수 없다,DEC-018 3항 · scripts/build_splits.py DEFAULT_RATIO,"현재 70/15/15 로 돌리면 train 27,270 / val 5,842 / test 5,845 클러스터. 반별 train 67.7~72.0%, 카메라별 69.8~70.1% 로 균형은 문제없다. 다만 비율 숫자 자체에는 근거가 없다. 정본 라벨 1,036장이 train 723 / val 155 / test 158 로 갈린다(69.8/15.0/15.3%) | [잠정정책 2026-08-28 · DEC-019] 70/15/15 를 프로젝트 기본 분할 정책으로 적용한다. 정본 라벨에서는 69.8/15.0/15.3 으로 구현됐다. 비율 자체의 근거는 확립하지 않았으며 '관례값을 기본값으로 채택했다'로 보고한다",최종 학습셋 고정,사람 판정,trainset_split,NO,열림
OQ-016,학습셋 분할,"근접 미달 쌍 교차 41,184건(42.8%)을 잔여 위험으로 수용할 것인가",이 쌍들이 실제로 같은 장면이면 val/test 지표가 부풀려진다. 반대로 다른 장면이면 아무 문제 없다. 아직 검증되지 않았다,DEC-018 5·6항 · reports/data_audit/split_leakage.csv · reports/data_audit/oq016/ · scripts/oq016_sample.py,"해밍 <=22 이면서 코사인 0.90~0.93 인 쌍 96,292 중 41,184(42.8%)이 split 을 가로지른다. DEC-008 의 과소병합 선택이 만든 비용이다. 대안 두 가지를 실측해 모두 기각했다 — (1) 임계값을 낮춰 연결요소로 묶으면 최대 그룹이 12,289~19,370장으로 폭주해 비율을 맞출 수 없다 (2) 세션 단위 분할은 근접 미달 쌍 교차를 32,214(-21.8%)로 줄이지만 클러스터 교차 490건이라는 확실한 누수를 새로 만들고 P4·P7 의 val 이 0장이 된다. 남은 검증 방법은 표본 육안 확인 확대뿐이다 (현재 4건만 확인) | [잠정정책 2026-08-28 · DEC-019] cluster 단위 분할을 기본 정책으로 유지한다. 세션 분할 대안은 실측 후 기각(클러스터 교차 490 + P4/P7 val 0장). 근접 미달 쌍 교차 42.8%는 '확정 중복'이 아니라 '같을 수도 있는 쌍'이므로 잔여 위험으로 기록만 하고 표본 육안 확인 확대는 라벨 수집 후로 미룬다 | [표본 확보 2026-08-31] 육안 검증을 4건 -> **101쌍**으로 확대했다. 층 139개(반×카메라×세션관계×코사인 4분위)에서 비례 배분(균등 아님), 모집단의 0.245%. 재현 결과 96,292 / 41,184(42.8%) 일치, **같은 cluster 인데 split 이 다른 쌍 0건**. 또 새로 측정: 아무 관계 없는 무작위 쌍(같은 반·카메라)도 코사인 0.90~0.93 에 7.2%(같은 세션)~15.5%(다른 세션), 해밍<=22 에 24.8%~13.9% 가 든다. **즉 근접 미달 조건 자체가 중복의 강한 증거가 아니며 42.8%를 누수율로 읽으면 안 된다.** 산출물 reports/data_audit/oq016/ · 검토 이미지 101장. 판정 대기 | [판정 완료 2026-09-01 · REV-005] 101/101 육안 판정. SAME_SCENE 20 · NEAR_DUPLICATE 2 · DIFFERENT_SCENE 79 · UNCERTAIN 0. 표본 위험 21.8% · **모집단 가중 추정 20.0%** (교차 41,184 중 약 8,200쌍). **유사도 구간에 뚜렷한 문턱**: 0.9000~0.9079 0% · 0.9079~0.9155 4% · 0.9155~0.9228 37% · 0.9228~0.9300 44%. 위험 22쌍 중 21쌍이 0.9155 이상. 카메라 IR3 50% vs IR2 13.2% · 같은 세션 28.8% vs 다른 세션 8.6%. 같은 cluster 인데 split 다름 0건(설계는 정상) · 같은 세션인데 DIFFERENT 47건 · 다른 세션인데 SAME/NEAR 3건 — 세션 단위 분할로도 못 막는다. **[정정] 표본 설계 때의 잠정 판단 SAFE_TO_KEEP 을 철회한다** — 무작위 대조로 '밴드가 잡음' 이라 했으나 밴드를 뭉뚱그린 것이 잘못이었다. 하단은 잡음이지만 상단 37~44% 는 실제 동일 시야다. **판정: CASE C — cluster split 최종 확정 보류**. 다음: 병합 임계값 0.93 -> 0.9155 의 클러스터 영향 측정(DEC-008 은 0.90 만 시험했다). 근거 reports/data_audit/oq016/RESULT.md | [임계값 보정 실험 2026-09-01] 코사인만 독립변수로 0.93~0.910 7단계 측정 (해밍<=22·리더 방식·순서·동점 처리 전부 고정). **기준선 재현 검증 통과** — cos 0.93 에서 38,957 클러스터로 기존과 일치. **폭주 없음**: 최대 클러스터 84 -> 109, top10 비중 0.50% -> 0.63%. DEC-008 의 0.90 폭주(12,289~19,370)는 연결요소 방식이라 **직접 비교 불가**. 그러나 **capture 가 낮다** — 임계값 이상인 위험 쌍 중 같은 클러스터가 되는 것은 14~18% 뿐이다. 리더 방식은 '대표와 직접 비슷할 때만' 붙이므로 두 이미지가 서로 비슷해도 각자 다른 리더에 붙으면 분리된다. **즉 문제는 임계값이 아니라 리더 방식의 구조적 성질이다.** 0.93->0.9155 로 바뀌는 11쌍 중 SAME_SCENE 3 · DIFFERENT_SCENE 8 (얻는 것보다 치르는 것이 크다). 0.91~0.93 어디에도 sweet spot 없음. 남은 선택지: (1)현행 유지+잔여 위험 문서화 (2)split 단계 제약(cluster 무수정) (3)feature 교체(범위 밖). 근거 experiments/dedup/threshold_calibration/RESULT.md | [split 제약 시뮬레이션 2026-09-01] 클러스터를 바꾸지 않고 분할 단계에서만 근접 후보를 같은 split 에 두는 제약을 측정했다(READ-ONLY). S0 가 현행 재현. **S1(사람 판정 22쌍만): 실현 가능** — 비율 70.0/14.9/15.1 · 최대 덩어리 84(변화 없음) · 강제이동 143장(0.13%) · 반별 val/test 고갈 없음. **S2~S4(코사인 0.9155/0.920/0.925 후보 전체): 기각** — 최대 덩어리 12~14%(13,160~14,830장) 폭주, val 이 8.3~11.3% 로 붕괴, 강제이동 22%대. **그러나 S1 은 효과가 거의 없다** — 22쌍은 모집단 추정 8,200쌍의 **0.27%** 뿐이다. 범위를 넓히면 분포가 무너지고, 8,200쌍 육안 판정은 비현실적이다. **중간 지점이 없다.** 종합 CASE C — 현행 cluster split + 임계값 0.93 유지 + 잔여 위험 문서화가 측정이 가리키는 방향. 결정은 사람이 한다. 근거 experiments/dedup/split_constraint_sim/RESULT.md | **DEC-023 종결**: decision=KEEP_CURRENT_CLUSTER_SPLIT · threshold=0.93 · residual_risk=근접 후보군 내 동일 시야 잔여 가능성(known limitation 으로 관리). 이유 — 임계값 보정에서 더 나은 trade-off 없음 · 자동 split 제약 시 분포 왜곡 · human-positive 제약은 효과 미미(0.27%). **20.0% 는 전체 데이터 누수율이 아니다** — REV-005 층화 표본 101쌍 기반의 '근접 유사 후보군 내 동일 시야 위험' 추정치이며 분모는 교차 후보쌍 41,184, 8,200은 쌍이지 이미지 수가 아니다. KNOWN_LIMITATIONS.md KL-1 에 등재",-,DEC-023,trainset_split,-,닫힘
OQ-017,데이터 특성,라디오메트릭 온도를 쓸 것인가. IR2·IR3(97.6%)는 온도가 없다,온도를 입력으로 쓰는 설계는 전체의 2.4%에만 적용된다. 나중에 알면 설계를 되돌려야 한다,reports/data_audit/flir_compat.md · flir_compat.csv · pilot/flir.py,"반x카메라 30개 층 x 10장 = 표본 300장 확인. pilot/flir.py 는 수정 없이 동작한다(FLIR E8 320x240, 내장 실화상 640x480, 온도 17.7~96.7C). 카메라별로 완전히 갈린다 — IR1 100/100 성공, IR2 0/100, IR3 0/100. 실패 사유는 'FLIR APP1 세그먼트 없음'. 전수 구성은 IR1 2,512장(2.4%) / IR2 54,686(51.3%) / IR3 49,487(46.4%). 즉 온도 값을 갖는 이미지는 2.4%뿐이다. 정본 라벨 1,036장은 전부 IR1 이다. 표본 확인이므로 IR2/IR3 에 '전혀' 없다고 단정하지는 않는다 — 층당 10장에서 예외 0건까지가 확인된 사실이다 | [잠정정책 2026-08-28 · DEC-019] 온도 사용 여부를 지금 결정하지 않는다. 1차 목표가 객체 라벨링이므로 현재 라벨링 작업의 blocker 가 아니다(blocks_current_labeling=NO). 이 단계의 성과는 'IR1 에서 온도 추출이 가능하다'를 확인한 것까지이며, 입력 설계 결정은 모델 단계로 넘긴다",모델 입력 설계,사람 판정,future_model_input,NO,조사완료·판정대기
NQ-1,참고 라벨 품질,6ban/9ban 의 빈 라벨 중 판단 보류 31장과 A3 세션 44장은 미작업인가 정상 음성인가,미작업을 정본으로 올리면 실제 대상을 배경으로 학습시킨다. 빈 annotation != 정상 != 객체 없음,reports/data_audit/nq1_empty_label_verdict.csv · nq1_session_summary.csv · experiments/seed_selection/newlabel_probe/6ban_suspect.png,전수 판정: 6ban 미작업 의심 16(12.5%) 보류 22 정상음성가능 90 / 9ban 의심 4 보류 9 정상음성가능 73. 의심 상위 6건 육안 검증 결과 5건이 거의 같은 프레임인데 한쪽만 라벨됨 -> 미작업 확정적. A3 세션 44장은 최근접이웃 유사도 중앙 0.926 이고 이웃이 라벨된 경우 4/44 이며 설비 구성이 A1·A2 와 달라 미작업이 아닐 가능성이 높다,참고 라벨의 정본 승격,사람 판정,canonical_promotion,NO,조사완료·잔여 판정대기
NQ-2,반-클래스 매핑,P9 에 라벨된 콘덴서 1개를 어떻게 볼 것인가,OQ-011(P9 후보 확정)의 실측 증거다. 1개뿐이라 오라벨 가능성도 있다,reports/data_audit/newlabels_class_dist.csv,9ban 2793박스 중 콘덴서 1개. P9 의 v2 후보에는 없다,OQ-011 P9 후보 확정,사람 판정,seed_composition,NO,열림
NQ-3,제외 클래스 처리,P9 의 ACB 접촉부 20개를 승계 시 버릴지 ignore 로 보존할지,버리면 되돌릴 수 없다. v2 는 ACB 접촉부를 항상 제외로 둔다,reports/decisions/DEC-011,DEC-011 결정: 원본은 data/backup/P9_9ban 에 보존하고 학습용 정본에서만 제외(QUARANTINE). 삭제하지 않는다,-,DEC-011,-,-,닫힘
NQ-4,경계 규칙,케이블헤드 박스에 상부 도체·엘보를 포함하는가,OQ-006 확정에 직결. 387개 중 두 방식이 섞여 있다,reports/decisions/DEC-012 · experiments/.../cable_head_boundary/case_01~06,"전수 측정: 등가 쌍 251개 높이비 중앙 1.10, >=1.5 는 5개(2%). 형태는 대체로 일관적이나 상부 도체 포함 여부는 갈린다(case_01 포함 vs case_03 왼쪽 제외, 같은 프레임 내 높이비 2.47). DEC-012: CONDITIONAL 로 두고 확정 보류. 엘보는 사례 1건뿐이라 UNKNOWN | DEC-013: 가이드 예시 이미지로 상부 금속 단자·수직 도체 INCLUDE, 하부 케이블 EXCLUDE 확정. 엘보만 UNKNOWN 으로 남아 NQ-10 으로 분리",-,DEC-013,-,-,닫힘
NQ-5,경계 규칙,6ban 의 중첩(nested) 박스는 의도된 것인가,라벨러마다 다른 시각 기준을 썼다는 신호다. 같은 클래스면 규칙 위반,experiments/seed_selection/newlabel_probe/6ban_zoom_0.png · newlabels_edge_cases.csv,DEC-012 에서 규칙으로 확정: 같은 인스턴스에 의미가 겹치는 박스를 두 개 그리지 않는다. 한 조에 한 박스. 위반 사례 case_04·case_05 로 예시 확보. 기존 라벨은 수정하지 않는다,-,DEC-012,-,-,닫힘
NQ-6,참고 라벨 품질,6ban/9ban 의 검수 상태는 어디까지인가,정본 P1 은 1차->A1->A2->A3검수완료 계보가 파일로 확인됐다. 이 소스에는 그런 이력이 없다,reports/decisions/DEC-003 · DEC-011,검수 단계 폴더가 없어 이력을 파일로 확인할 수 없다,참고 라벨의 정본 승격,사람 확인,canonical_promotion,NO,열림
NQ-7,참고 라벨 범위,IR1 전수만 라벨된 것은 의도인가,두 소스 모두 IR1 100%다. 전체 데이터셋의 대표 정답셋이라고 부를 수 없다,reports/data_audit/newlabels_summary.csv,DEC-011: annotation_scope=IR1_only 메타데이터를 유지한다. 그 자체로 문제는 아니며 대표성 표기만 주의한다,-,DEC-011,-,-,닫힘
NQ-8,클래스 정의,"케이블헤드(#14)는 종단접속재 본체만인가, 분기 도체까지 포함하는가",구 명칭 분기 접촉부와 v2 명칭 케이블헤드가 가리키는 물리적 범위가 다를 수 있다. 기존 박스가 상부 도체를 포함한 것은 분기 접촉부 기준으로는 자연스럽지만 케이블헤드 기준으로는 과할 수 있다. 이 판정 없이는 상부 도체·엘보 항목을 채울 수 없고 라벨러 문구를 배포할 수 없다,reports/decisions/DEC-012 · experiments/.../cable_head_boundary/case_01 vs case_03,"DEC-013 결정: semantic_same. 가이드 v2 가 3곳에서 ""명칭을 통일한다""로 기술하고 범위 변경 표현이 없다. 결정적으로 가이드의 케이블헤드 예시 이미지 2장이 CVAT 라벨명 ""분기 접촉부""로 되어 있다. 가설 B(부분집합)와 C(상이)는 기각. 다만 의미 동일성이 정본 승격을 뜻하지는 않는다",-,DEC-013,-,-,닫힘
NQ-9,마이그레이션 검증,구 26개 중 나머지 25종의 의미 동일성을 어떻게 검증할 것인가,15번은 검증했으나 나머지는 기술적 변환만 확인된 상태다. semantic_status 필드는 25종 검증 계획과 함께 도입해야 한다,reports/decisions/DEC-013 7항 · schemas/classes_v1_26.py,구조 충돌은 없다(필드 추가 방식). 다만 미검증 상태에서 필드만 넣으면 전부 공란이 되어 오해를 부른다. 코드 미변경,정본 승격 일반,사람 판정,canonical_promotion,NO,열림
NQ-10,경계 규칙,케이블헤드 박스에 엘보를 포함하는가,가이드 예시 2장에 엘보 구성이 없어 근거가 없다. 이 항목만 비면 라벨러 지침서를 배포할 수 없다,experiments/.../cable_head_boundary/case_04 (엘보를 별도 박스로 처리한 유일 사례),"DEC-016 유지 결정: PENDING_EXPERT_REVIEW. 더 파지 않는다 — 가이드 예시에 엘보 구성이 없고 참고 라벨에도 1건뿐이라 데이터를 더 뒤져도 근거가 나오지 않는다. 지침서 v1 에 ""임의로 포함/제외하지 않고 검수 대상으로 분류"" 로 명시했다. ""엘보 제외""라는 잘못된 정책을 만들지 않으면서 라벨러 간 편차를 막는다",케이블헤드 지침서 배포,전문가 확인 또는 현장 사진 추가,labeling_rules,NO,열림(HOLD)
NQ-11,경계 규칙,MCCB 접촉부(#28)를 단자군 단위로 확정해도 되는가,정본 2종(몰드변압기·변류기 접촉부)은 개별 접속점 단위인데 참고 등급 P9 만 단자군 단위다. 단위가 다르면 인스턴스 수가 달라져 지표가 흔들린다,DEC-015 · nq11_mccb_unit.csv · guide_images/18_crop_left.png,DEC-015 확정: TERMINAL_GROUP. 근거 — (1) 가이드 ACB&MCCB 반 전경 이미지가 본체 외곽+좌우 단자군으로 그려짐 (2) P9 1777박스 기기당 2.00 / 좌우비 0.91 / 89% 본체 안 / 세로비 0.922(p25-p75 0.87~0.97) (3) 3현장 4건물 8세션 재현 (4) 정본 2종 세로비 0.38~0.46 과 명확히 구분. 단서: 가이드 예시 캡션은 ACB 접촉부이며 #28 직접 예시는 없다. P8 에는 적용하지 않는다,-,DEC-015,-,-,닫힘
NQ-12,경계 규칙,작은 객체 하한(정규화 면적 0.003)을 규칙으로 채택할 것인가. 채택한다면 공통인가 접촉부 계열 한정인가,세 클래스가 같은 값대로 모이지만 셋 다 접촉부 계열이다. 다른 클래스 사례가 없다,DEC-014 3항 · contact_boundary_stats.csv,"몰드변압기 접촉부 2.9% / 변류기 접촉부 1.8% / MCCB 접촉부 1.2%. 면적 p05 정본 0.0027 참고 0.0034. candidate_threshold 유지 | DEC-016 추가 근거: 정본에서도 몰드변압기 접촉부 226/1365(16.6%)· 변류기 접촉부 10/219(4.6%)가 candidate 0.003 미만. 면적 p05 는 0.0018 / 0.0032. 접촉부 계열에 집중되는 경향이 정본에서도 재확인됨 | [실증 2026-08-31] 1차 시험에서 **눈을 가린 증거**를 얻었다. 라벨러 A 는 임계값을 들은 적이 없는데(지침서 v1 은 '수치 기준을 두지 않는다'로만 기술) 실제로 그린 MCCB 접촉부 58개의 최소 면적이 0.00257 · p05 0.00306 이고 0.003 미만은 2건(3.4%)뿐이다. 같은 이미지의 기존 라벨은 최소 0.00087 · 0.003 미만 17.2%. 또 A 가 그리지 않은 9박스에 대한 사람 판정이 0.003 을 사이에 두고 9/9 로 갈렸다 (0.00106~0.00258 -> 빼거나 기존이상 6건 / 0.00459·0.02587·0.02685 -> 그려야 함 3건). 단 판정표에 면적 열이 보였으므로 판정 쪽은 눈을 가린 시험이 아니다. 근거: reports/labeling/mccb_diff_findings_2026-08-31.md | [상태 2026-08-31] 0.003 을 **규칙이 아니라 강한 후보**로 둔다. 표본이 라벨러 1명 · 클래스 1종이다. schemas/labeling_rules.py 에 SMALL_OBJECT_CANDIDATE 로 두되 SCOPE='감사·분석 전용, 지침서 배포 금지'. 지금 지침서에 수치를 넣으면 B~E 가 A 와 다른 규칙을 보게 되어 재현성 검증이 오염된다. 확정 조건: 2명 이상에서 같은 하한 재현 -> scripts/box_size_profile.py | [범위 2026-08-31] box_size_profile 로 A 의 전 클래스를 재 보니 임계값 근처에 오는 것은 MCCB 접촉부뿐이다 (최소 0.00257). MCCB 0.01332 · 몰드변압기 접촉부 0.01113 · 케이블헤드 0.01285 · 철심부 0.03731 · 에폭시 표면 0.04974 로 나머지는 임계값의 4~16배다. 즉 이 하한이 실제로 작동하는 것은 접촉부 계열이며, 확정하더라도 **공통 임계값이 아니라 접촉부 계열 한정으로 범위를 좁혀야 할 가능성**이 있다 | [표현 확정 2026-08-31] 이 값은 **사람이 적용하는 규칙이 아니다.** 라벨러가 실제로 한 판단은 '알아볼 수 있는가'였고, 0.003 은 그 판단과 정규화 bbox 면적(w*h, 픽셀 수 아님) 사이에서 **관찰된 경험적 경계**다. 적용 범위도 공통이 아니라 접촉부 계열 후보로 좁힌다 (labeling_rules.SMALL_OBJECT_APPLIES_TO). NQ-12 는 OQ-001 과 다른 실패 모드다 — OQ-001 은 '무엇인지 구분할 수 있는가', NQ-12 는 '무엇인지는 알겠는데 너무 작아 라벨할 수 있는가'. 보고 시 분리한다 | [재현 2026-08-31] annotator_B 회수. **2/2 재현.** A p05 0.00306 / B p05 0.00348 (폭 0.00042), 둘 다 0.003±0.001 안. B 도 임계값을 듣지 않았다. MCCB 접촉부 최소 A 0.00257 / B 0.00227, 0.003 미만 A 3.4% / B 4.8% (기존 라벨 17.2%). '식별 가능성' 판단의 재현성이 높다는 쪽 근거가 늘었다 | [3인 2026-09-01] annotator_C 회수 후 **수렴이 약해졌다.** p05 A 0.00306 / B 0.00348 / C 0.00245 — 폭이 0.00042 -> **0.00103** 으로 2.5배 벌어졌다. 0.003 미만 비율도 A 3.4% / B 4.8% / **C 12.5%** 로 갈린다. 3명 모두 0.003±0.001 안에는 들지만 '모인다' 고 말하기 어렵다. 2명일 때의 수렴은 표본이 작아서였을 수 있다. **EVIDENCE_STRONG 을 유지할지 재검토가 필요하다** — D·E 를 보고 판정한다",지침서 v2 문구 확정,측정 후 판정,labeling_rules,NO,재검토 필요 · 3/5 회수 (2인 수렴 -> 3인 확산)
NQ-13,annotation unit,라벨 실적이 없는 접촉부 5종의 annotation unit 을 어떻게 정할 것인가 (원래 7종 · VCB 접촉부 DEC-024 로 닫힘 · 분기 접촉부 DEC-025 로 폐지),"LBS 1·2차측, 변압기 접촉부, 인입선로 접촉부, CT 접촉부는 정본·참고 모두 라벨 0건이라 관행이 없다. 단위 없이 라벨링하면 라벨러마다 달라진다",schemas/classes_v2.py ANNOTATION_UNIT · DEC-015 8항 · DEC-024 · DEC-025,"24개 라벨 대상 중 19개 확정, 5개 UNKNOWN. VCB 접촉부는 참고 P6 159박스로 표본 15장 육안 판정해 CONTACT_POINT 확정(DEC-024). 분기 접촉부는 새 가이드가 케이블헤드로 명칭을 통일하면서 클래스 자체가 폐지돼 단위 판정 대상에서 빠졌다(DEC-025). 남은 5종은 박스가 아예 없어 이 경로를 쓸 수 없다 — 시드 라벨링에서 관행이 생긴 뒤 판단한다",해당 클래스 라벨러 문구 배포,사람 판정,labeling_rules,NO,열림
NQ-14,반-클래스 매핑,P3-MOF반 후보에 몰드타입 PT(#12)를 추가할 것인가,DEC-021 로 변압기 계열을 뺐지만 그 자리에 무엇이 있는지는 정하지 않았다. 현장 의견은 몰드PT 가 일반적이라고 하고 라벨러도 P3 이미지에서 몰드타입 PT 를 그렸다. 비워 두면 P3 의 그 대상이 계속 라벨되지 않는다,DEC-021 · data/labeling/draft/trial/annotator_A/attributes.csv (A07) · reports/data_audit/oq001_mof_visual_separability.md,"1차 시험에서 annotator_A 가 A07(P3-MOF반, 반 정보를 가린 상태)에서 몰드타입 PT 3박스를 그렸다. P3 후보에 없는 클래스다. 같은 라벨러가 A05·A06(P3)은 변압기/변류기 구분 모호로 Skip 했으므로 '몰드PT 는 식별했고 오일형 변압기/변류기 구분은 못 했다'로 읽힌다. 다만 몰드타입 PT 는 정본·참고 통틀어 라벨 실적 0건이라 판단 근거가 이 3박스뿐이다. P4·P5 에는 이미 후보로 들어 있다 | [근거 증가 2026-09-01] A07(P3-MOF반)에서 **A 와 B 가 독립적으로 똑같이 몰드타입 PT 3박스씩** 그렸다. 근거가 1명 3박스 -> 2명 6박스로 늘었다. 반 정보를 감춘 상태에서 두 사람이 같은 판단을 했다는 점이 중요하다",P3 후보 확정 (지침서 v2 배포 전),사람 판정,seed_composition,NO,열림
NQ-15,시험 설계,라벨러에게 반(Panel) 정보를 알려 줄 것인가,지침서의 규칙 구조는 반별 후보 목록이고 최종 확인 항목에도 '자기 반 목록에 있는 클래스만 그렸는가' 가 있다. 그런데 시험 배포본은 앞선 판단을 막으려고 파일명을 case_id 로 바꿔 반을 감췄다. **라벨러가 반을 모르면 그 규칙을 적용할 수 없다**,reports/labeling/trial_A_vs_B_2026-08-31.md · scripts/trial_set_export.py (반 정보 은닉 의도),"A vs B 에서 클래스가 통째로 어긋난 장 8건 중 5건이 이 문제로 보인다. P6-VCB반(후보: VCB 접촉부·케이블헤드·CT·SA)에서 B 가 한류형 전력퓨즈 8개와 몰드타입 PT 2개를 그렸다 — 둘 다 P6 후보가 아니다. P4 에서도 A 는 비한류형, B 는 한류형 전력퓨즈로 갈렸다(후보는 비한류형). A 는 외형만으로 맞게 식별했고 B 는 달리 식별했다. 반 정보가 있었다면 B 의 선택지에서 애초에 빠졌을 클래스다. 트레이드오프: 반을 알려 주면 '이 반이니 이 클래스겠지' 하는 앞선 판단이 생기고, 감추면 반별 후보 규칙 자체를 쓸 수 없다 | [3/3 재현 2026-09-01] 세 명 모두 후보 밖 클래스를 그렸다 — A 3박스 · B 23박스 · C 3박스. 가장 선명한 사례는 A09(P4-MOF&PT반)로 **세 명이 세 가지로 갈렸다**: A 비한류형 전력퓨즈(후보 O) / B 한류형 전력퓨즈(후보 X) / C LA(후보 X). 같은 물체를 전혀 다르게 식별했다",지침서 v2 · 2차 시험셋 배포 전,사람 판정,labeling_rules,NO,열림
NQ-16,라벨링 규칙,주의(CAUTION) 등급 클래스의 재량 폭을 좁힐 것인가,"가이드 주의 등급은 '보일 때만 라벨링, 판별 어려우면 미라벨' 이라 재량을 허용한다. 재량이 넓으면 같은 장면에서 사람마다 인스턴스 수가 달라지고 클래스 균형(인증 C-3)과 개수 일치율이 흔들린다",reports/labeling/trial_A_vs_B_2026-08-31.md,A vs B 에서 철심부가 3장(A02·A03·A04) 모두 A 는 그리고 B 는 안 그렸다 (A 총 4박스 vs B 0박스). 둘 다 규칙 위반이 아니다 — 규칙이 재량을 허용한다. 다만 **재량의 폭이 이만큼 벌어진다는 것 자체가 측정 결과**다. 주의 등급은 철심부·인입선로 접촉부·CT 접촉부·MCCB 접촉부 4종,지침서 v2,사람 판정,labeling_rules,NO,열림
NQ-17,recall 검증,몰드변압기 접촉부의 장당 기대 개수 4개를 recall 검증 근거로 쓸 수 있는가,"새 가이드 PDF p6 이 ""몰드변압기 접촉부는 4개 달려있음"" 이라고 물리적 기대치를 명시했다. 정본은 장당 중앙 3개다. 기대치와 실측의 차이를 누락으로 볼 수 있다면 BLK-4(정본 4,177박스의 recall 미검증)에 처음으로 정량 근거가 생긴다","수배전반 라벨링 가이드.pdf p6 · reports/data_audit/ (정본 몰드변압기 접촉부 1,365박스 / 465장)","실측 분포 — 1개 64장 · 2개 92장 · 3개 164장 · 4개 114장 · 5개 20장 · 6개 8장 · 7개 3장 (중앙 3). 4개 이상이 145장(31%)이고 3개 이하가 320장(69%)이다. **3개 이하를 곧바로 누락으로 판정하면 안 된다** — 프레임 밖으로 나갔거나 가려졌거나 식별 불가일 수 있다. 검증 설계는 (기대 4 - 실제 n) 을 바로 오류로 세지 말고, 해당 장의 frame visibility / occlusion / crop 여부를 먼저 확인한 뒤 누락인지 정상 미관측인지 가르는 층화표본으로 짠다. 5개 이상 31장은 반대로 과잉 분할 또는 기기 2대 이상 촬영을 의심한다",BLK-4 blind audit 표본 설계,사람 판정,label_quality,NO,열림
NQ-18,발주처 확인,인입선로 접촉부의 보류가 해제된 것인가,"이전 가이드는 PF&PT 반에서 인입선로 접촉부를 ""보류"" 로 두고 종합표에 ⚠️ ""반사 때문에 탐지 정확도가 떨어짐"" 이라고 적었다. 새 PDF 는 가공대상 목록에 넣었고 보류 표기가 없다. 상태가 바뀌었다면 배포 클래스와 시드 수요가 달라진다",수배전반 라벨링 가이드.pdf p13·p14 · 이전 판 HTML 03 REFERENCE 20번 · schemas/classes_v2.py #20 · reports/inquiries/NQ-18-인입선로접촉부-가공정책-문의.md,새 PDF 는 가공여부 기호(O/!/X) 체계 자체를 없앴다. 따라서 (a) 보류를 해제한 것인지 (b) 보류 구분이 사라진 것인지 목록 포함만으로는 가릴 수 없다. 문서상 목록 포함을 근거로 상태를 승격시키면 나중에 발주처 해석과 충돌한다. DEC-025 에서 CAUTION · 단위 UNKNOWN 을 유지하기로 하고 확인 대기로 남겼다 | [2026-09-02] 문의서 작성 완료 — 발송 대기. 이 문의는 400장 시드(P5 61장)를 막지만 D/E 2회차는 막지 않는다: 시험 30장의 반 분포가 P1 5·P3 3·P4 8·P6 5·P9 9 로 P5 가 0장이고 인입선로 접촉부는 P5 전용이다. 2회차는 guide v2.0 으로 입력판을 고정해 선행한다,400장 시드 라벨링 착수 (D/E 2회차는 해당 없음),발주처 확인,labeling_rules,NO,열림
