sheet,pair_id,cosine,same_session,panel,cos_bin
sheet_01,pair_0037,0.9298,1,P9,0.9228~0.9300
sheet_01,pair_0005,0.9292,0,P1,0.9228~0.9300
sheet_01,pair_0012,0.9285,1,P9,0.9228~0.9300
sheet_01,pair_0065,0.9281,1,P10,0.9228~0.9300
sheet_01,pair_0048,0.9274,1,P9,0.9228~0.9300
sheet_01,pair_0041,0.9272,1,P1,0.9228~0.9300
sheet_02,pair_0070,0.9272,0,P1,0.9228~0.9300
sheet_02,pair_0045,0.9269,1,P1,0.9228~0.9300
sheet_02,pair_0007,0.9268,1,P1,0.9228~0.9300
sheet_02,pair_0011,0.9267,1,P1,0.9228~0.9300
sheet_02,pair_0030,0.9265,1,P9,0.9228~0.9300
sheet_02,pair_0032,0.9265,0,P8,0.9228~0.9300
sheet_03,pair_0008,0.925,1,P3,0.9228~0.9300
sheet_03,pair_0046,0.9248,1,P1,0.9228~0.9300
sheet_03,pair_0049,0.9246,1,P2,0.9228~0.9300
sheet_03,pair_0074,0.9244,1,P1,0.9228~0.9300
sheet_03,pair_0050,0.9241,1,P6,0.9228~0.9300
sheet_03,pair_0080,0.9239,0,P9,0.9228~0.9300
sheet_04,pair_0027,0.9236,0,P9,0.9228~0.9300
sheet_04,pair_0054,0.9235,1,P9,0.9228~0.9300
sheet_04,pair_0097,0.9233,1,P1,0.9228~0.9300
sheet_04,pair_0061,0.9232,0,P9,0.9228~0.9300
sheet_04,pair_0086,0.9232,0,P1,0.9228~0.9300
sheet_04,pair_0022,0.9228,1,P1,0.9228~0.9300
sheet_05,pair_0089,0.9228,0,P9,0.9228~0.9300
sheet_05,pair_0057,0.9224,1,P6,0.9155~0.9228
sheet_05,pair_0078,0.9218,0,P1,0.9155~0.9228
sheet_05,pair_0085,0.9217,0,P9,0.9155~0.9228
sheet_05,pair_0051,0.9214,1,P1,0.9155~0.9228
sheet_05,pair_0093,0.9214,0,P9,0.9155~0.9228
sheet_06,pair_0095,0.9211,0,P9,0.9155~0.9228
sheet_06,pair_0055,0.9207,1,P1,0.9155~0.9228
sheet_06,pair_0099,0.9207,0,P1,0.9155~0.9228
sheet_06,pair_0059,0.9206,1,P1,0.9155~0.9228
sheet_06,pair_0024,0.9206,0,P9,0.9155~0.9228
sheet_06,pair_0072,0.92,1,P1,0.9155~0.9228
sheet_07,pair_0069,0.9198,1,P9,0.9155~0.9228
sheet_07,pair_0006,0.9197,1,P10,0.9155~0.9228
sheet_07,pair_0088,0.9194,1,P1,0.9155~0.9228
sheet_07,pair_0002,0.9193,1,P1,0.9155~0.9228
sheet_07,pair_0043,0.9189,1,P4,0.9155~0.9228
sheet_07,pair_0031,0.9188,1,P1,0.9155~0.9228
sheet_08,pair_0090,0.9188,1,P9,0.9155~0.9228
sheet_08,pair_0075,0.9187,0,P8,0.9155~0.9228
sheet_08,pair_0016,0.9185,1,P8,0.9155~0.9228
sheet_08,pair_0062,0.9184,1,P9,0.9155~0.9228
sheet_08,pair_0077,0.9181,1,P9,0.9155~0.9228
sheet_08,pair_0076,0.9177,1,P1,0.9155~0.9228
sheet_09,pair_0013,0.9177,0,P1,0.9155~0.9228
sheet_09,pair_0020,0.9167,1,P9,0.9155~0.9228
sheet_09,pair_0082,0.9165,0,P9,0.9155~0.9228
sheet_09,pair_0038,0.9157,1,P1,0.9155~0.9228
sheet_09,pair_0081,0.9154,1,P9,0.9079~0.9155
sheet_09,pair_0034,0.9153,1,P1,0.9079~0.9155
sheet_10,pair_0087,0.9149,1,P9,0.9079~0.9155
sheet_10,pair_0004,0.9148,1,P9,0.9079~0.9155
sheet_10,pair_0084,0.9147,1,P7,0.9079~0.9155
sheet_10,pair_0017,0.9146,0,P1,0.9079~0.9155
sheet_10,pair_0071,0.9144,1,P1,0.9079~0.9155
sheet_10,pair_0053,0.9129,1,P1,0.9079~0.9155
sheet_11,pair_0052,0.9126,0,P9,0.9079~0.9155
sheet_11,pair_0079,0.912,1,P1,0.9079~0.9155
sheet_11,pair_0047,0.9118,1,P6,0.9079~0.9155
sheet_11,pair_0091,0.9113,0,P1,0.9079~0.9155
sheet_11,pair_0067,0.9112,0,P9,0.9079~0.9155
sheet_11,pair_0019,0.9111,1,P1,0.9079~0.9155
sheet_12,pair_0023,0.9104,1,P9,0.9079~0.9155
sheet_12,pair_0066,0.9104,1,P1,0.9079~0.9155
sheet_12,pair_0044,0.9099,0,P9,0.9079~0.9155
sheet_12,pair_0035,0.9098,0,P5,0.9079~0.9155
sheet_12,pair_0064,0.9096,1,P1,0.9079~0.9155
sheet_12,pair_0021,0.9093,1,P1,0.9079~0.9155
sheet_13,pair_0100,0.9088,0,P1,0.9079~0.9155
sheet_13,pair_0073,0.9082,1,P1,0.9079~0.9155
sheet_13,pair_0009,0.9082,0,P9,0.9079~0.9155
sheet_13,pair_0029,0.9081,1,P1,0.9079~0.9155
sheet_13,pair_0036,0.9079,0,P9,0.9079~0.9155
sheet_13,pair_0058,0.9077,1,P9,0.9000~0.9079
sheet_14,pair_0039,0.9072,0,P1,0.9000~0.9079
sheet_14,pair_0014,0.9067,1,P1,0.9000~0.9079
sheet_14,pair_0018,0.9066,1,P1,0.9000~0.9079
sheet_14,pair_0042,0.9062,0,P1,0.9000~0.9079
sheet_14,pair_0094,0.9053,0,P9,0.9000~0.9079
sheet_14,pair_0001,0.9052,0,P9,0.9000~0.9079
sheet_15,pair_0028,0.9046,1,P1,0.9000~0.9079
sheet_15,pair_0010,0.9044,0,P1,0.9000~0.9079
sheet_15,pair_0026,0.9038,1,P3,0.9000~0.9079
sheet_15,pair_0083,0.9038,1,P1,0.9000~0.9079
sheet_15,pair_0098,0.903,1,P1,0.9000~0.9079
sheet_15,pair_0063,0.9027,1,P1,0.9000~0.9079
sheet_16,pair_0033,0.9015,1,P9,0.9000~0.9079
sheet_16,pair_0003,0.9015,0,P9,0.9000~0.9079
sheet_16,pair_0068,0.9014,1,P6,0.9000~0.9079
sheet_16,pair_0056,0.9011,1,P9,0.9000~0.9079
sheet_16,pair_0040,0.9011,0,P9,0.9000~0.9079
sheet_16,pair_0060,0.901,0,P5,0.9000~0.9079
sheet_17,pair_0015,0.9009,1,P1,0.9000~0.9079
sheet_17,pair_0025,0.9009,1,P1,0.9000~0.9079
sheet_17,pair_0096,0.9006,1,P9,0.9000~0.9079
sheet_17,pair_0101,0.9004,0,P9,0.9000~0.9079
sheet_17,pair_0092,0.9003,1,P1,0.9000~0.9079
